町丁名,年度,変化率(%),変化タイプ
慶徳堀町,2013,775.0,大幅増加
魚屋町１丁目,2020,509.99999999999994,大幅増加
総数,2006,437.3239436619718,大幅増加
楠３丁目,2000,413.09523809523813,大幅増加
紺屋町１丁目,2002,245.83333333333334,大幅増加
秋津新町,2019,242.3076923076923,大幅増加
鍛冶屋町,2014,222.41379310344826,大幅増加
河原町,2006,184.48275862068965,大幅増加
近見１丁目,2001,183.33333333333331,大幅増加
千葉城町,2013,183.06451612903226,大幅増加
紺屋町２丁目,2022,145.45454545454547,大幅増加
春日３丁目,2013,145.3846153846154,大幅増加
本山３丁目,2009,130.92269326683294,大幅増加
八島町,2008,129.7872340425532,大幅増加
西阿弥陀寺町,2025,122.91666666666667,大幅増加
横紺屋町,2006,121.05263157894737,大幅増加
春日２丁目,2014,116.4179104477612,大幅増加
桜木６丁目,2015,109.75609756097562,大幅増加
呉服町３丁目,2011,93.98496240601504,大幅増加
辛島町,2006,88.88888888888889,大幅増加
東子飼町,2000,86.79245283018868,大幅増加
春日３丁目,2014,84.32601880877742,大幅増加
松原町,2023,80.0,大幅増加
山ノ内１丁目,2007,75.86206896551724,大幅増加
上京塚町,2001,75.75757575757575,大幅増加
米屋町１丁目,2008,70.98445595854922,大幅増加
南熊本２丁目,2018,70.39106145251397,大幅増加
魚屋町２丁目,2020,66.66666666666666,大幅増加
紺屋町１丁目,2020,64.70588235294117,大幅増加
九品寺２丁目,2008,61.511423550087876,大幅増加
辛島町,2007,61.1764705882353,大幅増加
近見２丁目,2001,61.04868913857678,大幅増加
中江町,2016,60.97560975609756,大幅増加
水道町,2004,60.53268765133172,大幅増加
春日３丁目,2012,60.49382716049383,大幅増加
川端町,2010,59.09090909090909,大幅増加
古大工町,2024,58.82352941176471,大幅増加
田迎１丁目,2005,58.77437325905292,大幅増加
段山本町,2023,55.98705501618123,大幅増加
九品寺６丁目,2006,55.88235294117647,大幅増加
桜町,2020,55.115511551155116,大幅増加
辛島町,2008,55.1094890510949,大幅増加
馬渡１丁目,2002,53.333333333333336,大幅増加
船場町下１丁目,2001,52.5974025974026,大幅増加
出仲間９丁目,2014,52.093023255813954,大幅増加
大江３丁目,2016,51.855287569573285,大幅増加
八幡８丁目,2006,50.79365079365079,大幅増加
紺屋町１丁目,2001,50.0,大幅増加
横紺屋町,2000,50.0,大幅増加
出仲間５丁目,2007,49.795918367346935,大幅増加
呉服町２丁目,2001,49.62406015037594,大幅増加
千葉城町,2014,49.572649572649574,大幅増加
九品寺６丁目,2001,49.44071588366891,大幅増加
出仲間８丁目,2003,47.82608695652174,大幅増加
佐土原３丁目,2013,47.651006711409394,大幅増加
中江町,2003,46.93877551020408,大幅増加
近見９丁目,2000,45.94594594594595,大幅増加
春日２丁目,2025,45.645645645645644,大幅増加
魚屋町３丁目,2021,45.45454545454545,大幅増加
米屋町１丁目,2009,44.84848484848485,大幅増加
草葉町,2003,44.0,大幅増加
武蔵ケ丘９丁目,2007,43.641618497109825,大幅増加
船場町３丁目,2005,43.28358208955223,大幅増加
出仲間９丁目,2006,41.9753086419753,大幅増加
佐土原２丁目,2017,40.34653465346535,大幅増加
城東町,2005,40.09433962264151,大幅増加
紺屋町２丁目,2004,39.39393939393939,大幅増加
平田２丁目,2012,38.767395626242546,大幅増加
横紺屋町,1999,38.46153846153847,大幅増加
近見８丁目,2002,37.80135004821601,大幅増加
春日１丁目,2012,37.640449438202246,大幅増加
上熊本１丁目,2021,36.74641148325359,大幅増加
南高江３丁目,1999,36.029411764705884,大幅増加
坪井６丁目,2000,34.93975903614458,大幅増加
飛田町,2000,34.48275862068966,大幅増加
佐土原３丁目,2015,34.385964912280706,大幅増加
紺屋阿弥陀寺町,2018,33.33333333333333,大幅増加
出仲間３丁目,2003,33.114035087719294,大幅増加
南熊本２丁目,2020,32.33532934131736,大幅増加
月出１丁目,2008,31.5136476426799,大幅増加
川端町,2016,30.23255813953488,大幅増加
板屋町,2023,30.0,大幅増加
魚屋町２丁目,2021,30.0,大幅増加
古川町,2018,29.807692307692307,大幅増加
佐土原３丁目,2014,29.545454545454547,大幅増加
上京塚町,2008,29.166666666666668,大幅増加
大江６丁目,2010,29.069767441860467,大幅増加
大江５丁目,2006,28.678678678678676,大幅増加
川端町,2025,28.57142857142857,大幅増加
横紺屋町,2007,28.57142857142857,大幅増加
迎町１丁目,2017,28.508124076809455,大幅増加
新屋敷１丁目,2001,28.306878306878307,大幅増加
戸島町,2019,27.878787878787882,大幅増加
八幡６丁目,2001,27.764127764127768,大幅増加
春日６丁目,2014,27.676240208877285,大幅増加
南高江５丁目,1999,27.586206896551722,大幅増加
大江６丁目,2013,27.349228611500703,大幅増加
春日５丁目,2021,26.590909090909093,大幅増加
京町本丁,2015,26.558265582655828,大幅増加
馬渡１丁目,2010,26.55367231638418,大幅増加
山室３丁目,2008,26.53061224489796,大幅増加
楠２丁目,2015,26.48401826484018,大幅増加
大江本町,1999,26.45739910313901,大幅増加
上京塚町,2007,26.31578947368421,大幅増加
南高江３丁目,2012,26.143790849673206,大幅増加
南高江５丁目,2020,26.0,大幅増加
南千反畑町,2002,25.4416961130742,大幅増加
武蔵ケ丘４丁目,2019,25.314183123877914,大幅増加
上熊本３丁目,2020,25.16297262059974,大幅増加
板屋町,2002,25.0,大幅増加
新南部２丁目,2001,24.84725050916497,大幅増加
二本木１丁目,2015,24.725274725274726,大幅増加
近見９丁目,2015,24.358974358974358,大幅増加
田迎町大字田井島,2016,24.324324324324326,大幅増加
保田窪２丁目,2006,24.11994784876141,大幅増加
田迎４丁目,2007,23.762376237623762,大幅増加
新屋敷１丁目,2006,23.548387096774192,大幅増加
画図町大字重富,2007,23.470122390208783,大幅増加
紺屋町２丁目,2023,23.456790123456788,大幅増加
段山本町,2019,23.348017621145374,大幅増加
南熊本３丁目,2025,23.32155477031802,大幅増加
佐土原２丁目,2004,23.28767123287671,大幅増加
細工町２丁目,2011,23.076923076923077,大幅増加
魚屋町１丁目,2013,23.076923076923077,大幅増加
長嶺西３丁目,2009,22.797927461139896,大幅増加
南熊本４丁目,2023,22.794117647058822,大幅増加
新屋敷３丁目,2010,22.638680659670165,大幅増加
鍛冶屋町,2015,22.459893048128343,大幅増加
田崎町,2024,22.22222222222222,大幅増加
川端町,2022,22.22222222222222,大幅増加
万町２丁目,2013,22.22222222222222,大幅増加
船場町３丁目,2003,22.105263157894736,大幅増加
佐土原３丁目,2016,21.93211488250653,大幅増加
長嶺南４丁目,2014,21.770770163735598,大幅増加
呉服町３丁目,1999,21.73913043478261,大幅増加
馬渡１丁目,2003,21.73913043478261,大幅増加
武蔵ケ丘９丁目,2011,21.651090342679126,大幅増加
八幡８丁目,2010,21.649484536082475,大幅増加
山ノ内２丁目,2001,21.55688622754491,大幅増加
江越１丁目,2004,21.553090332805073,大幅増加
保田窪２丁目,2004,21.553090332805073,大幅増加
硯川町,2019,21.428571428571427,大幅増加
清水万石１丁目,1999,21.374045801526716,大幅増加
上京塚町,2020,21.34831460674157,大幅増加
川尻２丁目,2002,21.195652173913043,大幅増加
神水本町,2018,21.12676056338028,大幅増加
船場町下１丁目,2009,21.052631578947366,大幅増加
春竹町大字春竹,2019,20.994475138121548,大幅増加
新市街,2019,20.863309352517987,大幅増加
細工町５丁目,2002,20.833333333333336,大幅増加
呉服町３丁目,2016,20.44609665427509,大幅増加
古大工町,2016,20.37037037037037,大幅増加
段山本町,2018,20.105820105820104,大幅増加
大江２丁目,2018,20.0,大幅増加
万町２丁目,2015,20.0,大幅増加
慶徳堀町,2002,20.0,大幅増加
八幡８丁目,2002,20.0,大幅増加
宮内,2016,20.0,大幅増加
南坪井町,2025,19.892473118279568,大幅増加
秋津新町,2021,19.852941176470587,大幅増加
春日３丁目,2023,19.81132075471698,大幅増加
紺屋今町,2006,19.78021978021978,大幅増加
小峯４丁目,2013,19.745222929936308,大幅増加
神水本町,2000,19.695872556118754,大幅増加
出仲間３丁目,2002,19.68503937007874,大幅増加
秋津１丁目,2004,19.65811965811966,大幅増加
井川淵町,2024,19.631901840490798,大幅増加
楠２丁目,2017,19.53405017921147,大幅増加
紺屋町２丁目,2009,19.444444444444446,大幅増加
若葉１丁目,2017,19.428571428571427,大幅増加
東町１丁目,1999,19.41031941031941,大幅増加
平成１丁目,2018,19.186046511627907,大幅増加
古大工町,2011,19.148936170212767,大幅増加
小峯３丁目,2016,19.103521878335112,大幅増加
万町２丁目,2020,19.047619047619047,大幅増加
御領６丁目,2007,18.97810218978102,大幅増加
南高江５丁目,2000,18.91891891891892,大幅増加
佐土原３丁目,2020,18.896321070234116,大幅増加
八幡８丁目,2005,18.867924528301888,大幅増加
武蔵ケ丘９丁目,2014,18.858560794044664,大幅増加
渡鹿６丁目,2006,18.84422110552764,大幅増加
近見９丁目,2005,18.75,大幅増加
上水前寺１丁目,2018,18.738049713193117,大幅増加
東町１丁目,2003,18.561484918793504,大幅増加
西原１丁目,2008,18.424242424242422,大幅増加
世安町,1999,18.375499334221036,大幅増加
水道町,2023,18.337129840546698,大幅増加
手取本町,2009,18.181818181818183,大幅増加
紺屋今町,2016,18.085106382978726,大幅増加
本山３丁目,2019,17.946058091286307,大幅増加
出町,2009,17.815344603381014,大幅増加
八幡８丁目,2011,17.796610169491526,大幅増加
船場町２丁目,2007,17.699115044247787,大幅増加
慶徳堀町,2001,17.647058823529413,大幅増加
平成１丁目,2015,17.6056338028169,大幅増加
菅原町,2011,17.528373266078184,大幅増加
二本木１丁目,2021,17.372881355932204,大幅増加
御領７丁目,2009,17.17171717171717,大幅増加
南高江３丁目,2013,17.098445595854923,大幅増加
渡鹿９丁目,2021,17.094017094017094,大幅増加
桜木６丁目,2003,17.073170731707318,大幅増加
薄場町,2020,17.073170731707318,大幅増加
小山町,2017,17.05263157894737,大幅増加
御領７丁目,2007,17.02127659574468,大幅増加
細工町２丁目,2021,17.02127659574468,大幅増加
近見９丁目,2002,16.9811320754717,大幅増加
大窪３丁目,2023,16.967509025270758,大幅増加
南高江５丁目,2024,16.923076923076923,大幅増加
中唐人町,2008,16.77018633540373,大幅増加
細工町１丁目,2011,16.666666666666664,大幅増加
薄場町,2013,16.666666666666664,大幅増加
万町２丁目,2016,16.666666666666664,大幅増加
古川町,2021,16.666666666666664,大幅増加
水道町,2009,16.532258064516128,大幅増加
米屋町２丁目,2021,16.450216450216452,大幅増加
日吉１丁目,2013,16.422594142259413,大幅増加
佐土原３丁目,2012,16.40625,大幅増加
山ノ内４丁目,2000,16.40625,大幅増加
山ノ内４丁目,1999,16.363636363636363,大幅増加
島崎４丁目,2000,16.303099885189436,大幅増加
南高江５丁目,2015,16.27906976744186,大幅増加
中江町,2013,16.27906976744186,大幅増加
大江２丁目,2019,16.185897435897438,大幅増加
蓮台寺５丁目,2014,16.184971098265898,大幅増加
上京塚町,2012,16.176470588235293,大幅増加
草葉町,2009,16.13691931540342,大幅増加
魚屋町３丁目,2017,16.071428571428573,大幅増加
練兵町,2009,16.056338028169016,大幅増加
慶徳堀町,2014,16.0,大幅増加
長嶺西３丁目,2025,16.0,大幅増加
万町２丁目,2021,16.0,大幅増加
南千反畑町,2025,15.950920245398773,大幅増加
細工町５丁目,2022,15.909090909090908,大幅増加
田迎町大字田井島,2018,15.909090909090908,大幅増加
飛田町,2014,15.909090909090908,大幅増加
九品寺１丁目,2025,15.88477366255144,大幅増加
下通２丁目,2016,15.822784810126583,大幅増加
桜木６丁目,2019,15.789473684210526,大幅増加
楠１丁目,2004,15.721231766612643,大幅増加
北迫町,2020,15.66265060240964,大幅増加
通町,2017,15.625,大幅増加
万町２丁目,1999,15.625,大幅増加
呉服町２丁目,2016,15.611814345991561,大幅増加
南熊本４丁目,2024,15.568862275449103,大幅増加
船場町３丁目,2004,15.517241379310345,大幅増加
幸田２丁目,2002,15.476190476190476,大幅増加
段山本町,2021,15.412186379928317,大幅増加
近見８丁目,2004,15.39961013645224,大幅増加
川端町,2012,15.384615384615385,大幅増加
魚屋町２丁目,2013,15.384615384615385,大幅増加
魚屋町３丁目,2014,15.384615384615385,大幅増加
魚屋町３丁目,2025,15.294117647058824,大幅増加
中江町,2020,15.151515151515152,大幅増加
船場町下１丁目,2008,15.151515151515152,大幅増加
八幡５丁目,2003,15.131578947368421,大幅増加
九品寺５丁目,2019,15.127840909090908,大幅増加
大窪１丁目,2017,15.104166666666666,大幅増加
千葉城町,2015,15.04761904761905,大幅増加
呉服町２丁目,2021,14.982578397212542,大幅増加
渡鹿４丁目,2010,14.862914862914863,大幅増加
桜木５丁目,2000,14.862385321100918,大幅増加
新屋敷１丁目,2002,14.845360824742269,大幅増加
新市街,2023,14.814814814814813,大幅増加
馬渡１丁目,2004,14.761904761904763,大幅増加
黒髪７丁目,2014,14.736842105263156,大幅増加
田崎町,2016,14.634146341463413,大幅増加
飛田町,2012,14.634146341463413,大幅増加
水前寺公園,1999,14.598930481283423,大幅増加
湖東１丁目,2025,14.457831325301203,大幅増加
春日３丁目,2015,14.45578231292517,大幅増加
古川町,2025,14.393939393939394,大幅増加
長嶺東７丁目,2004,14.363143631436316,大幅増加
山ノ内２丁目,2008,14.345991561181433,大幅増加
二本木２丁目,2016,14.331210191082802,大幅増加
東阿弥陀寺町,2008,14.285714285714285,大幅増加
桜木６丁目,2011,14.285714285714285,大幅増加
古川町,2017,14.285714285714285,大幅増加
通町,2015,14.285714285714285,大幅増加
田迎町大字田井島,2008,14.285714285714285,大幅増加
通町,2004,14.285714285714285,大幅増加
二本木２丁目,2019,14.246947082767978,大幅増加
九品寺５丁目,2005,14.217633042096903,大幅増加
井川淵町,2008,14.17910447761194,大幅増加
近見町,2017,14.084507042253522,大幅増加
二本木２丁目,2023,14.072494669509595,大幅増加
呉服町２丁目,2007,14.07035175879397,大幅増加
春日１丁目,2002,14.047619047619047,大幅増加
山ノ内４丁目,2006,14.02439024390244,大幅増加
米屋町３丁目,2016,14.009661835748794,大幅増加
飛田町,2017,14.000000000000002,大幅増加
長嶺南８丁目,2002,13.9937106918239,大幅増加
川端町,2014,13.953488372093023,大幅増加
山ノ内２丁目,2007,13.942307692307693,大幅増加
河原町,2007,13.939393939393941,大幅増加
沼山津３丁目,2019,13.938053097345133,大幅増加
南高江５丁目,2012,13.88888888888889,大幅増加
上熊本２丁目,2014,13.874345549738221,大幅増加
紺屋町３丁目,2016,13.861386138613863,大幅増加
本山町,2002,13.855799373040753,大幅増加
月出１丁目,2006,13.774973711882229,大幅増加
春日６丁目,2010,13.768115942028986,大幅増加
戸坂町,2010,13.750000000000002,大幅増加
通町,2006,13.725490196078432,大幅増加
坪井６丁目,2004,13.666465984346779,大幅増加
秋津３丁目,2020,13.654618473895583,大幅増加
細工町５丁目,2016,13.636363636363635,大幅増加
横紺屋町,2003,13.636363636363635,大幅増加
田崎町,2025,13.636363636363635,大幅増加
新町１丁目,2001,13.613013698630136,大幅増加
渡鹿９丁目,2020,13.592233009708737,大幅増加
八幡６丁目,2018,13.585746102449889,大幅増加
江津２丁目,2021,13.580246913580247,大幅増加
徳王町,2005,13.527851458885943,大幅増加
東町３丁目,2018,13.465195891974135,大幅増加
魚屋町３丁目,2012,13.461538461538462,大幅増加
山ノ内１丁目,2009,13.453815261044177,大幅増加
山室６丁目,2009,13.452914798206278,大幅増加
武蔵ケ丘９丁目,2010,13.427561837455832,大幅増加
魚屋町２丁目,2007,13.333333333333334,大幅増加
魚屋町２丁目,2014,13.333333333333334,大幅増加
保田窪２丁目,2003,13.285457809694792,大幅増加
飛田２丁目,2001,13.225058004640372,大幅増加
保田窪本町,2011,13.212996389891696,大幅増加
新屋敷２丁目,2014,13.160032493907392,大幅増加
細工町５丁目,2013,13.157894736842104,大幅増加
今町,2018,13.131313131313133,大幅増加
中央街,2014,13.101604278074866,大幅増加
紺屋町３丁目,2014,13.095238095238097,大幅増加
野中３丁目,2008,13.05732484076433,大幅増加
武蔵ケ丘８丁目,2021,13.024282560706402,大幅増加
新市街,2018,13.008130081300814,大幅増加
黒髪７丁目,2019,12.962962962962962,大幅増加
出仲間９丁目,2004,12.949640287769784,大幅増加
南熊本２丁目,2009,12.925170068027212,大幅増加
横紺屋町,2017,12.903225806451612,大幅増加
春日２丁目,2015,12.873563218390805,大幅増加
佐土原２丁目,2016,12.849162011173185,大幅増加
九品寺６丁目,2009,12.840043525571273,大幅増加
出仲間４丁目,2002,12.827225130890053,大幅増加
八景水谷３丁目,2002,12.769010043041607,大幅増加
大江２丁目,2020,12.758620689655173,大幅増加
佐土原３丁目,2023,12.738853503184714,大幅増加
出仲間９丁目,2010,12.719298245614036,大幅増加
栄町,2006,12.698412698412698,大幅増加
出仲間３丁目,2004,12.685337726523887,大幅増加
上京塚町,2016,12.676056338028168,大幅増加
長嶺南３丁目,2008,12.665489849955868,大幅増加
春日７丁目,2000,12.648809523809524,大幅増加
御領４丁目,2015,12.639405204460965,大幅増加
辛島町,2016,12.550607287449392,大幅増加
佐土原３丁目,2024,12.54237288135593,大幅増加
月出２丁目,2001,12.529002320185615,大幅増加
本山１丁目,2020,12.524850894632205,大幅増加
大江３丁目,2017,12.522907758094073,大幅増加
桜木６丁目,2007,12.5,大幅増加
田崎町,2023,12.5,大幅増加
細工町２丁目,2024,12.5,大幅増加
神水２丁目,1999,12.454212454212454,大幅増加
新大江２丁目,1999,12.429378531073446,大幅増加
飛田３丁目,1999,12.411347517730496,大幅増加
佐土原３丁目,2019,12.406015037593985,大幅増加
馬渡１丁目,1999,12.359550561797752,大幅増加
長嶺西３丁目,2013,12.345679012345679,大幅増加
上熊本２丁目,2018,12.332990750256938,大幅増加
水道町,2002,12.32876712328767,大幅増加
上熊本２丁目,2010,12.324492979719189,大幅増加
近見９丁目,2013,12.307692307692308,大幅増加
桜木３丁目,2000,12.307692307692308,大幅増加
渡鹿９丁目,2015,12.280701754385964,大幅増加
長嶺南３丁目,2006,12.278928751894897,大幅増加
御領６丁目,2008,12.269938650306749,大幅増加
飛田３丁目,2017,12.244897959183673,大幅増加
出仲間４丁目,2004,12.240663900414937,大幅増加
長嶺西３丁目,2003,12.23404255319149,大幅増加
帯山２丁目,2001,12.22301644031451,大幅増加
紺屋町２丁目,2012,12.195121951219512,大幅増加
中江町,2001,12.195121951219512,大幅増加
練兵町,1999,12.18274111675127,大幅増加
出町,2010,12.141280353200882,大幅増加
南熊本３丁目,2018,12.109375,大幅増加
春日３丁目,2024,12.106299212598424,大幅増加
春日６丁目,2011,12.101910828025478,大幅増加
南熊本４丁目,2010,12.033195020746888,大幅増加
薄場町,2023,12.0,大幅増加
近見７丁目,2013,11.992263056092844,大幅増加
健軍５丁目,2010,11.976047904191617,大幅増加
楠６丁目,2009,11.958762886597938,大幅増加
御領４丁目,2000,11.956521739130435,大幅増加
新大江１丁目,2003,11.851851851851853,大幅増加
出仲間４丁目,2003,11.832946635730858,大幅増加
紺屋町１丁目,2012,11.76470588235294,大幅増加
板屋町,1999,11.76470588235294,大幅増加
細工町１丁目,2009,11.76470588235294,大幅増加
横紺屋町,2020,11.76470588235294,大幅増加
平田２丁目,2008,11.73913043478261,大幅増加
月出１丁目,2007,11.737523105360443,大幅増加
春日５丁目,2023,11.732851985559567,大幅増加
武蔵ケ丘９丁目,2008,11.670020120724347,大幅増加
魚屋町１丁目,2024,11.666666666666666,大幅増加
下通２丁目,2015,11.66077738515901,大幅増加
新町２丁目,2017,11.639549436795996,大幅増加
練兵町,2008,11.635220125786164,大幅増加
野中３丁目,2002,11.570247933884298,大幅増加
春日１丁目,2001,11.553784860557768,大幅増加
魚屋町２丁目,2022,11.538461538461538,大幅増加
下南部１丁目,2010,11.526479750778815,大幅増加
魚屋町１丁目,2021,11.475409836065573,大幅増加
飛田町,2007,11.428571428571429,大幅増加
川端町,2011,11.428571428571429,大幅増加
飛田町,2024,11.428571428571429,大幅増加
戸島町,2020,11.374407582938389,大幅増加
湖東１丁目,2023,11.363636363636363,大幅増加
南坪井町,2018,11.324376199616124,大幅増加
細工町５丁目,2005,11.320754716981133,大幅増加
通町,2001,11.320754716981133,大幅増加
呉服町３丁目,2013,11.297071129707113,大幅増加
中江町,2018,11.29032258064516,大幅増加
総数,2000,11.29032258064516,大幅増加
南千反畑町,2005,11.267605633802818,大幅増加
魚屋町３丁目,2022,11.25,大幅増加
上京塚町,2019,11.25,大幅増加
保田窪１丁目,2012,11.226993865030675,大幅増加
南熊本５丁目,2005,11.22244488977956,大幅増加
田迎５丁目,2000,11.185682326621924,大幅増加
出仲間８丁目,2004,11.176470588235295,大幅増加
楠１丁目,2024,11.170212765957446,大幅増加
草葉町,2010,11.157894736842106,大幅増加
上熊本２丁目,2025,11.143131604226705,大幅増加
春日３丁目,2022,11.140235910878113,大幅増加
古大工町,2007,11.11111111111111,大幅増加
田崎町,2009,11.11111111111111,大幅増加
古大工町,2003,11.11111111111111,大幅増加
花畑町,2018,11.11111111111111,大幅増加
慶徳堀町,2011,11.11111111111111,大幅増加
上熊本２丁目,2017,11.073059360730593,大幅増加
井川淵町,2019,11.03448275862069,大幅増加
通町,2024,10.95890410958904,大幅増加
本山町,1999,10.95890410958904,大幅増加
出水２丁目,1999,10.943396226415095,大幅増加
小沢町,2018,10.9375,大幅増加
細工町２丁目,2022,10.909090909090908,大幅増加
山室１丁目,2006,10.881801125703564,大幅増加
飛田４丁目,2003,10.848126232741617,大幅増加
画図町大字重富,2008,10.845481049562682,大幅増加
桜木６丁目,2014,10.81081081081081,大幅増加
飛田町,2011,10.81081081081081,大幅増加
紺屋町３丁目,2024,10.81081081081081,大幅増加
明徳町,2006,10.81081081081081,大幅増加
野田１丁目,2009,10.775862068965516,大幅増加
魚屋町３丁目,2001,10.76923076923077,大幅増加
大江４丁目,2004,10.75268817204301,大幅増加
船場町３丁目,2013,10.69767441860465,大幅増加
田崎町,2002,10.666666666666668,大幅増加
新南部４丁目,2007,10.655737704918032,大幅増加
出水２丁目,2005,10.638297872340425,大幅増加
近見町,2021,10.606060606060606,大幅増加
万町１丁目,2021,10.606060606060606,大幅増加
中江町,2006,10.606060606060606,大幅増加
内坪井町,2011,10.579710144927535,大幅増加
春日７丁目,2001,10.568031704095112,大幅増加
大江４丁目,2003,10.549777117384844,大幅増加
平成３丁目,2007,10.538116591928251,大幅増加
山ノ内３丁目,2021,10.513447432762836,大幅増加
上鍛冶屋町,2019,10.497237569060774,大幅増加
小峯４丁目,2018,10.472972972972974,大幅増加
九品寺４丁目,2013,10.465116279069768,大幅増加
近見町,2006,10.465116279069768,大幅増加
細工町２丁目,2013,10.44776119402985,大幅増加
花立４丁目,2006,10.42654028436019,大幅増加
神水２丁目,2000,10.423452768729643,大幅増加
田迎５丁目,2005,10.420841683366733,大幅増加
細工町２丁目,2008,10.416666666666668,大幅増加
呉服町１丁目,2019,10.38961038961039,大幅増加
本荘３丁目,2010,10.37567084078712,大幅増加
南熊本４丁目,2025,10.362694300518134,大幅増加
上林町,2012,10.344827586206897,大幅増加
万町２丁目,2022,10.344827586206897,大幅増加
小沢町,2017,10.344827586206897,大幅増加
画図町大字下無田,2019,10.32258064516129,大幅増加
水前寺公園,2010,10.278372591006423,大幅増加
新南部２丁目,2022,10.267229254571026,大幅増加
古城町,2019,10.256410256410255,大幅増加
飛田町,2001,10.256410256410255,大幅増加
湖東１丁目,2018,10.256410256410255,大幅増加
山室６丁目,2015,10.21505376344086,大幅増加
紺屋今町,2024,10.126582278481013,大幅増加
城東町,2006,10.1010101010101,大幅増加
平成１丁目,2014,10.077519379844961,大幅増加
秋津３丁目,2004,10.032894736842106,大幅増加
東町２丁目,2005,10.022271714922049,大幅増加
長嶺西１丁目,2013,10.013908205841446,大幅増加
下南部３丁目,1999,10.009910802775025,大幅増加
横紺屋町,2014,10.0,大幅増加
紺屋阿弥陀寺町,2011,10.0,大幅増加
佐土原２丁目,2005,10.0,大幅増加
小峯２丁目,2019,9.990749306197964,大幅増加
月出７丁目,1999,9.967845659163988,大幅増加
飛田２丁目,2000,9.948979591836734,大幅増加
九品寺６丁目,2023,9.946524064171124,大幅増加
船場町２丁目,2024,9.929078014184398,大幅増加
上水前寺１丁目,2016,9.920634920634921,大幅増加
蓮台寺５丁目,2011,9.79020979020979,大幅増加
清水本町,2001,9.75975975975976,大幅増加
江越２丁目,2012,9.740259740259742,大幅増加
飛田２丁目,2003,9.73630831643002,大幅増加
九品寺２丁目,2020,9.724770642201836,大幅増加
野中３丁目,2004,9.722222222222223,大幅増加
御領４丁目,2001,9.70873786407767,大幅増加
横紺屋町,2019,9.67741935483871,大幅増加
上京塚町,2009,9.67741935483871,大幅増加
長嶺南４丁目,2000,9.652996845425868,大幅増加
御領５丁目,2012,9.63718820861678,大幅増加
上京塚町,2018,9.58904109589041,大幅増加
上通町,2015,9.582309582309582,大幅増加
新町１丁目,2011,9.578544061302683,大幅増加
野中３丁目,2009,9.577464788732394,大幅増加
南高江５丁目,2021,9.523809523809524,大幅増加
山崎町,2018,9.523809523809524,大幅増加
船場町２丁目,2011,9.523809523809524,大幅増加
桜木６丁目,2017,9.523809523809524,大幅増加
南熊本２丁目,2019,9.508196721311474,大幅増加
上林町,2024,9.505703422053232,大幅増加
大窪４丁目,2007,9.505703422053232,大幅増加
南熊本２丁目,2014,9.467455621301776,大幅増加
通町,2018,9.45945945945946,大幅増加
古京町,2005,9.45945945945946,大幅増加
坪井２丁目,2002,9.454061251664447,大幅増加
帯山２丁目,2010,9.449354180829369,大幅増加
河原町,2004,9.433962264150944,大幅増加
大江本町,2017,9.421841541755889,大幅増加
佐土原２丁目,2012,9.40766550522648,大幅増加
馬渡２丁目,2002,9.375,大幅増加
春日５丁目,2024,9.36995153473344,大幅増加
保田窪４丁目,2006,9.369676320272573,大幅増加
画図町大字下無田,2020,9.35672514619883,大幅増加
下通２丁目,2025,9.35483870967742,大幅増加
徳王町,2004,9.354604786076868,大幅増加
二本木５丁目,2005,9.33734939759036,大幅増加
本荘４丁目,2025,9.31174089068826,大幅増加
湖東１丁目,2020,9.30232558139535,大幅増加
江越２丁目,2017,9.295774647887324,大幅増加
野田１丁目,2025,9.29203539823009,大幅増加
出仲間９丁目,2017,9.281437125748502,大幅増加
新町４丁目,2003,9.276018099547512,大幅増加
横紺屋町,2009,9.25925925925926,大幅増加
長嶺東５丁目,2002,9.246417013407305,大幅増加
北千反畑町,2025,9.230769230769232,大幅増加
保田窪２丁目,2009,9.213250517598343,大幅増加
九品寺４丁目,2012,9.206349206349207,大幅増加
呉服町２丁目,2004,9.183673469387756,大幅増加
渡鹿９丁目,2002,9.166666666666666,大幅増加
二本木２丁目,2020,9.144893111638956,大幅増加
呉服町２丁目,2010,9.090909090909092,大幅増加
西唐人町,2020,9.090909090909092,大幅増加
近見９丁目,2019,9.090909090909092,大幅増加
薄場町,2011,9.090909090909092,大幅増加
清水万石２丁目,2005,9.090909090909092,大幅増加
慶徳堀町,2004,9.090909090909092,大幅増加
本荘３丁目,2007,9.07258064516129,大幅増加
近見７丁目,2003,9.067357512953368,大幅増加
御領３丁目,2007,9.061224489795919,大幅増加
新市街,2024,9.032258064516128,大幅増加
草葉町,2007,9.018567639257293,大幅増加
魚屋町３丁目,2023,8.98876404494382,大幅増加
飛田４丁目,2010,8.983050847457626,大幅増加
新町３丁目,2000,8.969315499606608,大幅増加
上鍛冶屋町,2015,8.928571428571429,大幅増加
下硯川町,1999,8.927704997573993,大幅増加
中央街,2003,8.895705521472392,大幅増加
白山１丁目,2021,8.89487870619946,大幅増加
出仲間３丁目,2001,8.857142857142856,大幅増加
九品寺６丁目,2007,8.84433962264151,大幅増加
北千反畑町,2007,8.83054892601432,大幅増加
近見９丁目,1999,8.823529411764707,大幅増加
二本木１丁目,2016,8.81057268722467,大幅増加
桜木５丁目,1999,8.78243512974052,大幅増加
佐土原３丁目,2017,8.779443254817988,大幅増加
出水１丁目,2001,8.777969018932874,大幅増加
九品寺１丁目,2018,8.76595744680851,大幅増加
二本木１丁目,2020,8.755760368663594,大幅増加
楠８丁目,2003,8.734939759036145,大幅増加
白石町,2024,8.707865168539326,大幅増加
紺屋町２丁目,2016,8.695652173913043,大幅増加
近見９丁目,2008,8.695652173913043,大幅増加
田迎町大字田井島,2020,8.695652173913043,大幅増加
板屋町,2010,8.695652173913043,大幅増加
古城町,2012,8.695652173913043,大幅増加
東町１丁目,2021,8.676789587852495,大幅増加
桜木４丁目,1999,8.676207513416816,大幅増加
水道町,2007,8.669656203288492,大幅増加
湖東１丁目,2022,8.641975308641975,大幅増加
紺屋町１丁目,2004,8.641975308641975,大幅増加
平成３丁目,2013,8.597285067873303,大幅増加
西唐人町,2016,8.571428571428571,大幅増加
大江６丁目,2011,8.558558558558559,大幅増加
馬渡１丁目,2013,8.547008547008547,大幅増加
長嶺南５丁目,2007,8.53462157809984,大幅増加
秋津３丁目,2000,8.52575488454707,大幅増加
月出８丁目,2013,8.522727272727272,大幅増加
八反田２丁目,2000,8.512020792722547,大幅増加
八島町,2025,8.51063829787234,大幅増加
湖東１丁目,2000,8.502772643253234,大幅増加
細工町４丁目,2008,8.49056603773585,大幅増加
近見９丁目,2004,8.47457627118644,大幅増加
千葉城町,2006,8.465608465608465,大幅増加
山室６丁目,2004,8.45771144278607,大幅増加
江越２丁目,2011,8.450704225352112,大幅増加
内坪井町,1999,8.448540706605224,大幅増加
春竹町大字春竹,2020,8.447488584474886,大幅増加
上林町,2006,8.42911877394636,大幅増加
硯川町,2020,8.422459893048128,大幅増加
八幡８丁目,2007,8.421052631578947,大幅増加
八反田１丁目,2007,8.412483039348711,大幅増加
山ノ神２丁目,2005,8.397683397683398,大幅増加
万町１丁目,2012,8.396946564885496,大幅増加
長嶺南７丁目,2021,8.385241974125538,大幅増加
長嶺東６丁目,1999,8.378870673952642,大幅増加
白山２丁目,2009,8.378870673952642,大幅増加
会富町,2021,8.366533864541832,大幅増加
長嶺東８丁目,2003,8.361204013377927,大幅増加
新外４丁目,2005,8.34990059642147,大幅増加
国府１丁目,2017,8.339594290007513,大幅増加
北迫町,2004,8.333333333333332,大幅増加
総数,2012,8.333333333333332,大幅増加
魚屋町１丁目,2012,8.333333333333332,大幅増加
鍛冶屋町,2017,8.333333333333332,大幅増加
薄場町,2021,8.333333333333332,大幅増加
紺屋阿弥陀寺町,2020,8.333333333333332,大幅増加
呉服町１丁目,2011,8.333333333333332,大幅増加
飛田２丁目,2017,8.323424494649228,大幅増加
新町３丁目,2001,8.303249097472925,大幅増加
南熊本５丁目,2008,8.289241622574956,大幅増加
坪井２丁目,2014,8.287292817679557,大幅増加
八幡８丁目,2014,8.275862068965518,大幅増加
御領７丁目,2013,8.264462809917356,大幅増加
練兵町,2023,8.262454434993925,大幅増加
桜木２丁目,2005,8.262108262108262,大幅増加
細工町１丁目,2006,8.24742268041237,大幅増加
水前寺２丁目,2002,8.244023083264633,大幅増加
八反田２丁目,2015,8.236057068741893,大幅増加
呉服町１丁目,2020,8.235294117647058,大幅増加
田迎５丁目,1999,8.232445520581114,大幅増加
十禅寺２丁目,2005,8.229813664596273,大幅増加
上水前寺２丁目,2022,8.21917808219178,大幅増加
通町,2021,8.21917808219178,大幅増加
総数,2014,8.21917808219178,大幅増加
万町１丁目,2018,8.208955223880597,大幅増加
近見８丁目,2000,8.205128205128204,大幅増加
東野４丁目,2014,8.201058201058201,大幅増加
江越２丁目,2003,8.178438661710038,大幅増加
帯山１丁目,2007,8.16546762589928,大幅増加
城東町,2008,8.16326530612245,大幅増加
佐土原３丁目,2021,8.157524613220815,大幅増加
出仲間９丁目,1999,8.148148148148149,大幅増加
新町４丁目,2016,8.144475920679886,大幅増加
紺屋町３丁目,2006,8.13953488372093,大幅増加
上鍛冶屋町,2010,8.13953488372093,大幅増加
本荘６丁目,2013,8.125819134993446,大幅増加
山ノ内２丁目,2009,8.118081180811808,大幅増加
月出３丁目,2016,8.117443868739207,大幅増加
新町１丁目,2025,8.117062396466041,大幅増加
南熊本５丁目,2003,8.114035087719298,大幅増加
画図町大字下無田,2021,8.110516934046345,大幅増加
健軍１丁目,1999,8.110065170166546,大幅増加
河内町面木,2004,8.108108108108109,大幅増加
保田窪３丁目,2013,8.090075062552128,大幅増加
上鍛冶屋町,2007,8.074534161490684,大幅増加
迎町２丁目,2015,8.053691275167784,大幅増加
春日７丁目,2024,8.046767537826685,大幅増加
紺屋町１丁目,2021,8.035714285714286,大幅増加
呉服町２丁目,2017,8.02919708029197,大幅増加
田迎５丁目,2013,8.027923211169284,大幅増加
桜木５丁目,2014,8.023255813953488,大幅増加
平田２丁目,2013,8.022922636103152,大幅増加
池亀町,2018,8.00561797752809,大幅増加
渡鹿９丁目,2011,8.0,大幅増加
黒髪７丁目,2016,8.0,大幅増加
東野４丁目,2018,8.0,大幅増加
長嶺西３丁目,2023,8.0,大幅増加
新屋敷３丁目,2012,7.995079950799508,大幅増加
西原１丁目,2007,7.984293193717278,大幅増加
紺屋今町,2012,7.954545454545454,大幅増加
白山３丁目,2015,7.9452054794520555,大幅増加
城東町,2002,7.936507936507936,大幅増加
大窪４丁目,2013,7.936507936507936,大幅増加
画図町大字所島,2004,7.931570762052877,大幅増加
小峯２丁目,2014,7.928642220019821,大幅増加
大江２丁目,2013,7.928118393234672,大幅増加
平山町,2013,7.905138339920949,大幅増加
江越１丁目,2000,7.904411764705882,大幅増加
黒髪７丁目,2023,7.894736842105263,大幅増加
南高江３丁目,2007,7.894736842105263,大幅増加
平成３丁目,1999,7.888040712468193,大幅増加
山ノ内１丁目,2012,7.885906040268456,大幅増加
小峯３丁目,2017,7.885304659498208,大幅増加
米屋町３丁目,2005,7.8817733990147785,大幅増加
南高江６丁目,2005,7.858048162230672,大幅増加
大窪４丁目,2018,7.857142857142857,大幅増加
古大工町,1999,7.8431372549019605,大幅増加
上京塚町,2023,7.8431372549019605,大幅増加
東町１丁目,2023,7.8431372549019605,大幅増加
新南部２丁目,2012,7.84,大幅増加
上水前寺１丁目,2013,7.834101382488479,大幅増加
近見７丁目,2014,7.772020725388601,大幅増加
白山１丁目,2013,7.769423558897243,大幅増加
新市街,2013,7.751937984496124,大幅増加
船場町２丁目,2021,7.751937984496124,大幅増加
船場町２丁目,2000,7.751937984496124,大幅増加
長嶺南７丁目,2018,7.749469214437367,大幅増加
新土河原２丁目,2005,7.737226277372263,大幅増加
月出４丁目,1999,7.715674362089915,大幅増加
近見８丁目,2003,7.697690692792163,大幅増加
江越２丁目,2005,7.6923076923076925,大幅増加
魚屋町１丁目,2016,7.6923076923076925,大幅増加
呉服町１丁目,2012,7.6923076923076925,大幅増加
宮内,2019,7.6923076923076925,大幅増加
古大工町,2013,7.6923076923076925,大幅増加
呉服町１丁目,2010,7.6923076923076925,大幅増加
板屋町,2024,7.6923076923076925,大幅増加
山ノ内４丁目,2004,7.6923076923076925,大幅増加
水前寺２丁目,2005,7.65661252900232,大幅増加
馬渡１丁目,2001,7.655502392344498,大幅増加
長嶺西３丁目,2006,7.653061224489796,大幅増加
田迎４丁目,2021,7.645875251509055,大幅増加
保田窪５丁目,2007,7.637231503579953,大幅増加
新南部３丁目,2013,7.623318385650224,大幅増加
近見町,2008,7.608695652173914,大幅増加
水前寺１丁目,2005,7.60441292356186,大幅増加
江津２丁目,2019,7.59493670886076,大幅増加
湖東１丁目,2016,7.59493670886076,大幅増加
池田４丁目,2023,7.592592592592593,大幅増加
大窪３丁目,2004,7.586206896551724,大幅増加
八景水谷４丁目,2010,7.579462102689487,大幅増加
迎町２丁目,2007,7.575757575757576,大幅増加
九品寺３丁目,2019,7.573047107930829,大幅増加
二本木２丁目,2024,7.570093457943925,大幅増加
船場町２丁目,2009,7.563025210084033,大幅増加
平成１丁目,2006,7.55813953488372,大幅増加
八幡７丁目,2013,7.5566750629722925,大幅増加
白石町,2023,7.552870090634441,大幅増加
河内町東門寺,2024,7.547169811320755,大幅増加
飛田２丁目,2014,7.5396825396825395,大幅増加
新屋敷１丁目,2000,7.539118065433854,大幅増加
上通町,2001,7.537688442211055,大幅増加
小沢町,2020,7.536764705882352,大幅増加
南坪井町,2008,7.532956685499058,大幅増加
新大江３丁目,1999,7.506297229219143,大幅増加
田迎５丁目,2012,7.5046904315197,大幅増加
蓮台寺５丁目,2015,7.462686567164178,大幅増加
近見７丁目,2010,7.459677419354839,大幅増加
細工町１丁目,2002,7.446808510638298,大幅増加
古川町,2011,7.446808510638298,大幅増加
細工町１丁目,2018,7.43801652892562,大幅増加
明徳町,2023,7.43801652892562,大幅増加
上水前寺１丁目,2012,7.425742574257425,大幅増加
黒髪５丁目,2013,7.42296918767507,大幅増加
川尻２丁目,2012,7.4074074074074066,大幅増加
万町２丁目,2007,7.4074074074074066,大幅増加
上林町,2011,7.4074074074074066,大幅増加
新南部６丁目,2017,7.391304347826087,大幅増加
健軍５丁目,2015,7.386363636363637,大幅増加
帯山８丁目,2000,7.357859531772576,大幅増加
城東町,2003,7.352941176470589,大幅増加
魚屋町１丁目,2022,7.352941176470589,大幅増加
吉原町,2005,7.339449541284404,大幅増加
日吉２丁目,2013,7.329317269076305,大幅増加
坪井１丁目,2003,7.319952774498228,大幅増加
飛田町,2003,7.317073170731707,大幅増加
細工町４丁目,2015,7.30593607305936,大幅増加
長嶺東５丁目,2000,7.304526748971194,大幅増加
江越１丁目,2005,7.301173402868318,大幅増加
南熊本２丁目,2008,7.2992700729927,大幅増加
佐土原３丁目,2002,7.2992700729927,大幅増加
武蔵ケ丘５丁目,2009,7.298335467349553,大幅増加
春日２丁目,2017,7.297830374753452,大幅増加
健軍５丁目,2025,7.291666666666667,大幅増加
健軍本町,2023,7.282184655396619,大幅増加
小山町,2021,7.281553398058252,大幅増加
新町３丁目,2003,7.2796934865900385,大幅増加
桜木６丁目,2020,7.2727272727272725,大幅増加
水前寺公園,2015,7.248576850094876,大幅増加
出仲間３丁目,2017,7.238605898123325,大幅増加
上熊本１丁目,2009,7.234726688102894,大幅増加
上水前寺１丁目,2024,7.231040564373897,大幅増加
山ノ神２丁目,2000,7.2274881516587675,大幅増加
上鍛冶屋町,2025,7.211538461538461,大幅増加
飛田２丁目,2004,7.208872458410351,大幅増加
野田１丁目,2007,7.207207207207207,大幅増加
八幡８丁目,2012,7.194244604316546,大幅増加
蓮台寺５丁目,2006,7.18954248366013,大幅増加
西阿弥陀寺町,2014,7.18232044198895,大幅増加
渡鹿７丁目,2010,7.164480322906155,大幅増加
長嶺東３丁目,2000,7.162162162162162,大幅増加
菅原町,2009,7.152682255845942,大幅増加
鍛冶屋町,2004,7.142857142857142,大幅増加
魚屋町１丁目,2009,7.142857142857142,大幅増加
国府２丁目,2012,7.142857142857142,大幅増加
薄場町,2007,7.142857142857142,大幅増加
本山町,2014,7.139315815567675,大幅増加
沼山津１丁目,2016,7.136237256719184,大幅増加
水前寺１丁目,2009,7.130060910068075,大幅増加
長嶺東３丁目,2008,7.107843137254902,大幅増加
山室２丁目,2001,7.104795737122557,大幅増加
大江本町,2015,7.093821510297483,大幅増加
花立５丁目,2000,7.078853046594983,大幅増加
呉服町３丁目,2020,7.07395498392283,大幅増加
紺屋町３丁目,1999,7.07070707070707,大幅増加
坪井２丁目,2017,7.068062827225131,大幅増加
蓮台寺３丁目,2017,7.046070460704606,大幅増加
万町１丁目,2000,7.017543859649122,大幅増加
古京町,2019,7.017543859649122,大幅増加
蓮台寺５丁目,2012,7.006369426751593,大幅増加
南熊本５丁目,2009,7.0032573289902285,大幅増加
御領６丁目,2011,6.997084548104956,大幅増加
八景水谷４丁目,1999,6.989247311827956,大幅増加
徳王町,2007,6.988352745424292,大幅増加
紺屋町１丁目,2007,6.976744186046512,大幅増加
紺屋町３丁目,2008,6.976744186046512,大幅増加
江越２丁目,2021,6.976744186046512,大幅増加
長嶺東６丁目,2000,6.974789915966387,大幅増加
鍛冶屋町,2000,6.944444444444445,大幅増加
春日７丁目,2025,6.938255887969447,大幅増加
船場町３丁目,2010,6.914893617021277,大幅増加
花園１丁目,2001,6.901615271659324,大幅増加
上京塚町,2002,6.896551724137931,大幅増加
御領４丁目,2019,6.896551724137931,大幅増加
紺屋町３丁目,2011,6.896551724137931,大幅増加
古京町,2001,6.896551724137931,大幅増加
飛田４丁目,2017,6.896551724137931,大幅増加
山ノ内１丁目,2016,6.896551724137931,大幅増加
近見７丁目,2007,6.896551724137931,大幅増加
横紺屋町,2016,6.896551724137931,大幅増加
万町１丁目,2014,6.896551724137931,大幅増加
出仲間３丁目,2006,6.891701828410689,大幅増加
飛田２丁目,2015,6.888068880688807,大幅増加
中央街,2002,6.885245901639345,大幅増加
本荘３丁目,2009,6.8833652007648185,大幅増加
出仲間２丁目,2017,6.875000000000001,大幅増加
佐土原２丁目,2015,6.865671641791045,大幅増加
新土河原２丁目,2004,6.86427457098284,大幅増加
東町１丁目,2016,6.8557919621749415,大幅増加
山ノ内４丁目,2003,6.8493150684931505,大幅増加
近見９丁目,2014,6.8493150684931505,大幅増加
南熊本１丁目,2016,6.845965770171149,大幅増加
九品寺３丁目,2007,6.837606837606838,大幅増加
平成２丁目,2017,6.828193832599119,大幅増加
桜木２丁目,2019,6.827880512091039,大幅増加
坪井１丁目,2013,6.815642458100559,大幅増加
月出８丁目,2014,6.806282722513089,大幅増加
蓮台寺５丁目,2020,6.806282722513089,大幅増加
蓮台寺３丁目,2023,6.806282722513089,大幅増加
新町４丁目,2021,6.804536357571714,大幅増加
楠８丁目,1999,6.804374240583232,大幅増加
八島町,2000,6.802721088435375,大幅増加
小山町,2022,6.787330316742081,大幅増加
吉原町,2015,6.787330316742081,大幅増加
保田窪１丁目,2013,6.784335355763928,大幅増加
八幡１１丁目,2022,6.77710843373494,大幅増加
小峯１丁目,2016,6.7765567765567765,大幅増加
北迫町,2021,6.770833333333333,大幅増加
八反田１丁目,2004,6.7669172932330826,大幅増加
大窪２丁目,2012,6.761565836298933,大幅増加
山崎町,2010,6.756756756756757,大幅増加
出水８丁目,2017,6.754530477759473,大幅増加
帯山８丁目,2011,6.75422138836773,大幅増加
小沢町,2012,6.751054852320674,大幅増加
楠８丁目,2001,6.7477876106194685,大幅増加
出仲間９丁目,2025,6.744868035190615,大幅増加
黒髪５丁目,2011,6.744186046511628,大幅増加
野中１丁目,2007,6.739811912225706,大幅増加
春日２丁目,2024,6.730769230769231,大幅増加
城東町,2013,6.727828746177369,大幅増加
花園１丁目,2011,6.7114093959731544,大幅増加
上熊本２丁目,2005,6.7092651757188495,大幅増加
近見３丁目,2017,6.704980842911877,大幅増加
国府２丁目,2022,6.70391061452514,大幅増加
佐土原２丁目,2018,6.701940035273369,大幅増加
東本町,2004,6.701881809177947,大幅増加
若葉３丁目,2022,6.70147954743255,大幅増加
本荘３丁目,2013,6.688963210702341,大幅増加
本山２丁目,2019,6.687898089171974,大幅増加
飛田３丁目,2012,6.684491978609626,大幅増加
新南部２丁目,2004,6.677524429967427,大幅増加
米屋町３丁目,2001,6.666666666666667,大幅増加
釜尾町,2025,6.666666666666667,大幅増加
江越２丁目,1999,6.666666666666667,大幅増加
板屋町,2019,6.666666666666667,大幅増加
魚屋町１丁目,2005,6.666666666666667,大幅増加
南高江３丁目,2017,6.666666666666667,大幅増加
御領７丁目,2023,6.666666666666667,大幅増加
野中３丁目,2003,6.666666666666667,大幅増加
手取本町,2006,6.666666666666667,大幅増加
山ノ内２丁目,2006,6.666666666666667,大幅増加
九品寺３丁目,1999,6.65291387313048,大幅増加
本山３丁目,2008,6.648936170212766,大幅増加
大江３丁目,2018,6.623235613463627,大幅増加
山ノ内２丁目,2014,6.620209059233449,大幅増加
白山３丁目,2018,6.61764705882353,大幅増加
島崎４丁目,1999,6.609547123623011,大幅増加
水前寺１丁目,2001,6.606606606606606,大幅増加
京町２丁目,2017,6.60377358490566,大幅増加
神水１丁目,2006,6.6006600660066,大幅増加
九品寺４丁目,2011,6.598984771573605,大幅増加
平山町,2014,6.593406593406594,大幅増加
尾ノ上２丁目,2000,6.587942821628341,大幅増加
秋津１丁目,2005,6.571428571428571,大幅増加
新屋敷３丁目,2009,6.549520766773163,大幅増加
神水１丁目,2002,6.5432098765432105,大幅増加
万町１丁目,1999,6.5420560747663545,大幅増加
大江１丁目,2009,6.536636794939378,大幅増加
呉服町２丁目,2002,6.532663316582915,大幅増加
飛田２丁目,1999,6.521739130434782,大幅増加
紺屋町２丁目,2013,6.521739130434782,大幅増加
古大工町,2005,6.521739130434782,大幅増加
中江町,2002,6.521739130434782,大幅増加
小糸山町,2025,6.517311608961303,大幅増加
月出３丁目,2014,6.513409961685824,大幅増加
近見６丁目,2024,6.507462686567164,大幅増加
坪井１丁目,2024,6.504961411245866,大幅増加
湖東１丁目,2011,6.504065040650407,大幅増加
東野４丁目,2016,6.490384615384616,大幅増加
西阿弥陀寺町,2003,6.486486486486487,大幅増加
南熊本２丁目,2000,6.486486486486487,大幅増加
山ノ内２丁目,2023,6.478873239436619,大幅増加
長嶺南８丁目,2020,6.477732793522267,大幅増加
西子飼町,2019,6.474820143884892,大幅増加
下通１丁目,2013,6.470588235294119,大幅増加
上鍛冶屋町,2018,6.470588235294119,大幅増加
飛田４丁目,2005,6.468531468531468,大幅増加
南高江７丁目,2017,6.457925636007827,大幅増加
大江本町,2018,6.457925636007827,大幅増加
鶴羽田町,2023,6.456241032998565,大幅増加
妙体寺町,2019,6.451612903225806,大幅増加
幸田１丁目,2010,6.451612903225806,大幅増加
平田１丁目,2017,6.4393939393939394,大幅増加
米屋町２丁目,2000,6.4,大幅増加
若葉４丁目,1999,6.3938618925831205,大幅増加
細工町４丁目,2011,6.392694063926941,大幅増加
平成２丁目,2004,6.386861313868613,大幅増加
横紺屋町,2013,6.382978723404255,大幅増加
楠６丁目,2011,6.375227686703097,大幅増加
渡鹿２丁目,2006,6.372549019607843,大幅増加
近見４丁目,2001,6.359300476947535,大幅増加
帯山２丁目,2025,6.3564875491481,大幅増加
馬渡２丁目,2010,6.353591160220995,大幅増加
花立５丁目,2007,6.348122866894198,大幅増加
幸田２丁目,2003,6.332842415316642,大幅増加
山崎町,2011,6.329113924050633,大幅増加
辛島町,2011,6.320541760722348,大幅増加
古川町,2002,6.315789473684211,大幅増加
紺屋町３丁目,2015,6.315789473684211,大幅増加
本荘２丁目,2024,6.315789473684211,大幅増加
花立５丁目,2006,6.313497822931785,大幅増加
下南部３丁目,2001,6.30550621669627,大幅増加
八幡１１丁目,2016,6.303236797274275,大幅増加
平山町,2012,6.302521008403361,大幅増加
佐土原２丁目,2025,6.301824212271974,大幅増加
米屋町２丁目,2006,6.299212598425196,大幅増加
船場町２丁目,2017,6.299212598425196,大幅増加
野田２丁目,2011,6.299212598425196,大幅増加
新町１丁目,2008,6.28053035589672,大幅増加
迎町１丁目,2016,6.279434850863422,大幅増加
新屋敷２丁目,2019,6.2755798090040935,大幅増加
上通町,2014,6.266318537859007,大幅増加
山ノ神１丁目,2019,6.262833675564681,大幅増加
水前寺３丁目,2007,6.259370314842578,大幅増加
御領５丁目,2018,6.2558356676003735,大幅増加
飛田３丁目,2006,6.25,大幅増加
板屋町,2020,6.25,大幅増加
山ノ内３丁目,2005,6.25,大幅増加
細工町１丁目,2021,6.25,大幅増加
松原町,2005,6.25,大幅増加
東阿弥陀寺町,2009,6.25,大幅増加
花畑町,2001,6.25,大幅増加
近見１丁目,1999,6.25,大幅増加
蓮台寺１丁目,2017,6.237218813905931,大幅増加
小峯３丁目,2015,6.235827664399093,大幅増加
壺川２丁目,2004,6.228956228956229,大幅増加
南高江３丁目,2024,6.211180124223603,大幅増加
八幡８丁目,2021,6.206896551724138,大幅増加
御領６丁目,2004,6.198347107438017,大幅増加
長嶺東７丁目,2001,6.191950464396285,大幅増加
山室６丁目,2008,6.190476190476191,大幅増加
近見９丁目,2016,6.185567010309279,大幅増加
迎町２丁目,2013,6.181818181818182,大幅増加
大江１丁目,2013,6.179775280898876,大幅増加
城東町,2001,6.179775280898876,大幅増加
長嶺東５丁目,2003,6.178586542530681,大幅増加
上林町,2015,6.1688311688311686,大幅増加
佐土原３丁目,2006,6.164383561643835,大幅増加
野中３丁目,2016,6.149732620320856,大幅増加
若葉３丁目,2004,6.147859922178988,大幅増加
楠６丁目,2001,6.142034548944338,大幅増加
清水万石１丁目,2013,6.129807692307692,大幅増加
蓮台寺５丁目,2009,6.122448979591836,大幅増加
西唐人町,2003,6.122448979591836,大幅増加
西唐人町,2008,6.122448979591836,大幅増加
上水前寺１丁目,2015,6.105263157894736,大幅増加
本山３丁目,2006,6.104651162790697,大幅増加
細工町３丁目,2006,6.097560975609756,大幅増加
出仲間５丁目,2002,6.097560975609756,大幅増加
紺屋町３丁目,2018,6.086956521739131,大幅増加
坪井３丁目,2016,6.085918854415275,大幅増加
坪井４丁目,2023,6.085753803596127,大幅増加
井川淵町,2021,6.081081081081082,大幅増加
本荘４丁目,2008,6.078431372549019,大幅増加
大窪２丁目,2018,6.071428571428571,大幅増加
本山２丁目,2016,6.070287539936102,大幅増加
川端町,2005,6.0606060606060606,大幅増加
古川町,2007,6.0606060606060606,大幅増加
段山本町,2011,6.0606060606060606,大幅増加
帯山８丁目,2014,6.0606060606060606,大幅増加
武蔵ケ丘９丁目,2015,6.05427974947808,大幅増加
平田２丁目,2003,6.046511627906977,大幅増加
画図町大字重富,2012,6.042296072507553,大幅増加
花園１丁目,2012,6.037735849056604,大幅増加
小沢町,2002,6.0344827586206895,大幅増加
明徳町,2012,6.0200668896321075,大幅増加
新南部６丁目,1999,6.015037593984962,大幅増加
大江３丁目,2008,6.00896860986547,大幅増加
通町,2013,6.0,大幅増加
田迎町大字田井島,2021,6.0,大幅増加
古大工町,2008,6.0,大幅増加
通町,2000,6.0,大幅増加
御領７丁目,2005,6.0,大幅増加
飛田３丁目,2001,5.9880239520958085,大幅増加
本山４丁目,2025,5.987261146496816,大幅増加
榎町,2006,5.985037406483791,大幅増加
九品寺２丁目,2009,5.984766050054406,大幅増加
野中１丁目,2006,5.980066445182724,大幅増加
新町２丁目,2019,5.980066445182724,大幅増加
山ノ内２丁目,2005,5.978260869565218,大幅増加
十禅寺２丁目,2003,5.977382875605816,大幅増加
西原１丁目,2000,5.972434915773354,大幅増加
坪井３丁目,2017,5.961754780652419,大幅増加
湖東１丁目,2014,5.952380952380952,大幅増加
新土河原２丁目,2003,5.950413223140496,大幅増加
新外４丁目,1999,5.9405940594059405,大幅増加
月出５丁目,2003,5.9405940594059405,大幅増加
長嶺南８丁目,2008,5.936675461741425,大幅増加
米屋町３丁目,2017,5.932203389830509,大幅増加
桜町,2009,5.932203389830509,大幅増加
呉服町３丁目,2004,5.932203389830509,大幅増加
月出７丁目,2017,5.932203389830509,大幅増加
山室３丁目,2006,5.932203389830509,大幅増加
国府４丁目,2023,5.927835051546391,大幅増加
田崎１丁目,2021,5.918057663125948,大幅増加
南熊本２丁目,2017,5.9171597633136095,大幅増加
白山１丁目,2009,5.913978494623656,大幅増加
中央街,2001,5.902777777777778,大幅増加
飛田４丁目,2001,5.894736842105263,大幅増加
野田２丁目,2001,5.890052356020942,大幅増加
東阿弥陀寺町,2010,5.88235294117647,大幅増加
川尻２丁目,2024,5.88235294117647,大幅増加
船場町３丁目,2014,5.88235294117647,大幅増加
健軍４丁目,2012,5.88235294117647,大幅増加
上水前寺１丁目,2005,5.8690744920993225,大幅増加
黒髪２丁目,2013,5.866486850977748,大幅増加
御領６丁目,1999,5.8558558558558556,大幅増加
野田１丁目,1999,5.853658536585367,大幅増加
鶴羽田町,2011,5.850091407678245,大幅増加
中唐人町,2004,5.847953216374268,大幅増加
大窪３丁目,2020,5.839416058394161,大幅増加
白山２丁目,2013,5.833333333333333,大幅増加
八反田３丁目,1999,5.832147937411095,大幅増加
平成３丁目,2001,5.825242718446602,大幅増加
渡鹿９丁目,2008,5.825242718446602,大幅増加
中島町,2022,5.825242718446602,大幅増加
小峯３丁目,2003,5.8240396530359355,大幅増加
尾ノ上１丁目,2013,5.822649572649572,大幅増加
妙体寺町,2011,5.82010582010582,大幅増加
画図町大字所島,2013,5.8171745152354575,大幅増加
秋津３丁目,2012,5.815602836879433,大幅増加
紺屋町１丁目,2014,5.813953488372093,大幅増加
国府４丁目,1999,5.811965811965812,大幅増加
鶴羽田町,2018,5.81039755351682,大幅増加
花園１丁目,2023,5.800464037122969,大幅増加
通町,2023,5.797101449275362,大幅増加
下南部３丁目,2021,5.775075987841945,大幅増加
御領１丁目,2023,5.7740585774058575,大幅増加
河原町,2000,5.769230769230769,大幅増加
近見７丁目,2015,5.769230769230769,大幅増加
水道町,2010,5.767012687427912,大幅増加
小峯４丁目,1999,5.764411027568922,大幅増加
細工町３丁目,2001,5.747126436781609,大幅増加
孫代町,2010,5.745062836624776,大幅増加
月出１丁目,2020,5.741626794258373,大幅増加
桜木３丁目,2018,5.738575982996812,大幅増加
桜木６丁目,2022,5.737704918032787,大幅増加
万町１丁目,2010,5.737704918032787,大幅増加
細工町３丁目,2015,5.7324840764331215,大幅増加
佐土原２丁目,2013,5.7324840764331215,大幅増加
川尻５丁目,2006,5.723905723905724,大幅増加
桜木６丁目,2013,5.714285714285714,大幅増加
渡鹿３丁目,2013,5.714285714285714,大幅増加
南高江３丁目,2021,5.714285714285714,大幅増加
西原１丁目,2003,5.710306406685237,大幅増加
小峯４丁目,2002,5.707762557077626,大幅増加
桜町,2011,5.7034220532319395,大幅増加
南熊本３丁目,2007,5.7034220532319395,大幅増加
大鳥居町,2003,5.701754385964912,大幅増加
二本木４丁目,2012,5.700123915737299,大幅増加
春日２丁目,2018,5.698529411764706,大幅増加
画図町大字重富,2013,5.698005698005698,大幅増加
八幡１１丁目,2001,5.688073394495413,大幅増加
春日６丁目,2012,5.681818181818182,大幅増加
鶴羽田町,1999,5.679579776756402,大幅増加
長嶺東６丁目,2006,5.678466076696165,大幅増加
出仲間１丁目,2001,5.673758865248227,大幅増加
桜木５丁目,2003,5.6716417910447765,大幅増加
北千反畑町,2017,5.660377358490567,大幅増加
戸島町,2011,5.660377358490567,大幅増加
通町,2014,5.660377358490567,大幅増加
本山２丁目,2011,5.660377358490567,大幅増加
横手５丁目,2017,5.652759084791386,大幅増加
楠８丁目,2024,5.65262076053443,大幅増加
新外２丁目,2009,5.649717514124294,大幅増加
国府２丁目,2001,5.645557191948945,大幅増加
帯山９丁目,2017,5.642256902761105,大幅増加
桜木４丁目,2009,5.641025641025641,大幅増加
水源２丁目,2003,5.639913232104121,大幅増加
和泉町,2017,5.637982195845697,大幅増加
花立２丁目,2000,5.635245901639344,大幅増加
飛田４丁目,2025,5.625879043600563,大幅増加
江越２丁目,2013,5.621301775147929,大幅増加
江津２丁目,2014,5.617977528089887,大幅増加
黒髪２丁目,2007,5.614035087719298,大幅増加
護藤町,2018,5.611601513240857,大幅増加
蓮台寺３丁目,2015,5.604719764011799,大幅増加
小峯２丁目,2008,5.600722673893405,大幅増加
近見８丁目,2018,5.600430802369413,大幅増加
小峯４丁目,2010,5.6000000000000005,大幅増加
若葉６丁目,2019,5.597416576964478,大幅増加
出仲間４丁目,2009,5.588993981083405,大幅増加
健軍３丁目,2002,5.580266882329155,大幅増加
浜口町,2022,5.571847507331378,大幅増加
楠１丁目,2002,5.560307955517536,大幅増加
西唐人町,1999,5.555555555555555,大幅増加
田迎町大字田井島,2025,5.555555555555555,大幅増加
紺屋阿弥陀寺町,2006,5.555555555555555,大幅増加
呉服町３丁目,2006,5.555555555555555,大幅増加
松原町,1999,5.555555555555555,大幅増加
白山３丁目,1999,5.555555555555555,大幅増加
慶徳堀町,2008,5.555555555555555,大幅増加
御領２丁目,2003,5.542359461599366,大幅増加
大窪２丁目,2009,5.533596837944664,大幅増加
八幡１０丁目,2017,5.531295487627365,大幅増加
新南部６丁目,2022,5.529953917050691,大幅増加
長嶺東７丁目,2006,5.528846153846153,大幅増加
画図町大字下無田,2022,5.523495465787304,大幅増加
九品寺５丁目,2022,5.518087063151441,大幅増加
新南部６丁目,2008,5.514705882352941,大幅増加
近見１丁目,2009,5.506391347099312,大幅増加
蓮台寺３丁目,2009,5.5045871559633035,大幅増加
九品寺４丁目,2023,5.50314465408805,大幅増加
上鍛冶屋町,2020,5.5,大幅増加
島崎７丁目,2004,5.499276410998553,大幅増加
山ノ内２丁目,2012,5.498281786941581,大幅増加
壺川２丁目,2020,5.49777117384844,大幅増加
画図町大字所島,2014,5.49738219895288,大幅増加
御領６丁目,2018,5.49738219895288,大幅増加
紺屋今町,2009,5.4945054945054945,大幅増加
江越２丁目,2002,5.490196078431373,大幅増加
飛田４丁目,2024,5.489614243323442,大幅増加
秋津２丁目,2011,5.483549351944168,大幅増加
船場町下１丁目,2007,5.47945205479452,大幅増加
新土河原２丁目,2010,5.477528089887641,大幅増加
坪井４丁目,2024,5.475880052151238,大幅増加
南千反畑町,2023,5.472103004291846,大幅増加
尾ノ上４丁目,2001,5.465903175429464,大幅増加
御領４丁目,2023,5.460750853242321,大幅増加
鍛冶屋町,2013,5.454545454545454,大幅増加
横紺屋町,2015,5.454545454545454,大幅増加
御領５丁目,2002,5.4469273743016755,大幅増加
平成１丁目,2011,5.44464609800363,大幅増加
春日８丁目,2023,5.4404145077720205,大幅増加
桜木１丁目,2019,5.436156763590392,大幅増加
新南部６丁目,2001,5.434782608695652,大幅増加
野中２丁目,2007,5.428571428571429,大幅増加
新南部６丁目,2007,5.426356589147287,大幅増加
硯川町,2021,5.425400739827373,大幅増加
岡田町,2016,5.42299349240781,大幅増加
長嶺東４丁目,2013,5.4191363251481794,大幅増加
幸田２丁目,2006,5.416666666666667,大幅増加
大窪１丁目,2004,5.416666666666667,大幅増加
長嶺南２丁目,2023,5.4095826893353935,大幅増加
大江１丁目,2000,5.3984575835475574,大幅増加
長嶺西３丁目,2018,5.39568345323741,大幅増加
東野３丁目,2011,5.394190871369295,大幅増加
馬渡１丁目,2005,5.394190871369295,大幅増加
二本木４丁目,2022,5.392156862745098,大幅増加
栄町,2005,5.390334572490707,大幅増加
南熊本５丁目,2007,5.390334572490707,大幅増加
九品寺２丁目,2014,5.387523629489603,大幅増加
京町２丁目,2015,5.386250885896527,大幅増加
新屋敷１丁目,2003,5.385996409335727,大幅増加
万町１丁目,2005,5.384615384615385,大幅増加
佐土原３丁目,2001,5.384615384615385,大幅増加
川尻２丁目,2003,5.381165919282512,大幅増加
本山町,2008,5.379922351636162,大幅増加
御領５丁目,2013,5.377456049638056,大幅増加
紺屋今町,2014,5.376344086021505,大幅増加
千葉城町,1999,5.371900826446281,大幅増加
田迎４丁目,2003,5.3708439897698215,大幅増加
飛田３丁目,2000,5.3627760252365935,大幅増加
十禅寺１丁目,2015,5.357142857142857,大幅増加
古大工町,2014,5.357142857142857,大幅増加
紺屋町１丁目,2023,5.357142857142857,大幅増加
長嶺東４丁目,2012,5.352363960749331,大幅増加
新外３丁目,2015,5.351833498513379,大幅増加
四方寄町,2003,5.347985347985348,大幅増加
御領６丁目,2021,5.347593582887701,大幅増加
山室５丁目,2012,5.337078651685393,大幅増加
戸坂町,2011,5.325443786982249,大幅増加
古川町,2006,5.319148936170213,大幅増加
大窪４丁目,2020,5.319148936170213,大幅増加
徳王町,2006,5.315420560747663,大幅増加
大窪１丁目,2006,5.3061224489795915,大幅増加
桜町,2014,5.30035335689046,大幅増加
井川淵町,2003,5.298013245033113,大幅増加
下南部１丁目,2005,5.29595015576324,大幅増加
御領５丁目,2001,5.294117647058823,大幅増加
孫代町,2009,5.293005671077505,大幅増加
水前寺６丁目,2022,5.289256198347108,大幅増加
渡鹿８丁目,2015,5.285868392664509,大幅増加
山ノ神２丁目,2004,5.284552845528456,大幅増加
稗田町,2000,5.284552845528456,大幅増加
近見４丁目,2012,5.284552845528456,大幅増加
九品寺３丁目,2018,5.273069679849341,大幅増加
野中２丁目,2006,5.263157894736842,大幅増加
紺屋阿弥陀寺町,2010,5.263157894736842,大幅増加
万町１丁目,2007,5.263157894736842,大幅増加
安政町,2007,5.263157894736842,大幅増加
紺屋阿弥陀寺町,2007,5.263157894736842,大幅増加
水前寺１丁目,1999,5.246494798733605,大幅増加
平成１丁目,2003,5.241935483870968,大幅増加
渡鹿４丁目,2002,5.241935483870968,大幅増加
春竹町大字春竹,2018,5.232558139534884,大幅増加
細工町３丁目,1999,5.232558139534884,大幅増加
小峯１丁目,2021,5.227655986509275,大幅増加
江越２丁目,2008,5.2264808362369335,大幅増加
横手５丁目,2007,5.2259887005649714,大幅増加
桜木５丁目,2004,5.2259887005649714,大幅増加
御領２丁目,2019,5.225483178239084,大幅増加
平成１丁目,2007,5.225225225225225,大幅増加
月出７丁目,2005,5.2249637155297535,大幅増加
本荘６丁目,2021,5.221932114882506,大幅増加
元三町２丁目,2019,5.220883534136546,大幅増加
新町４丁目,2012,5.217391304347826,大幅増加
御領４丁目,2005,5.214723926380368,大幅増加
平成３丁目,2018,5.208333333333334,大幅増加
紺屋町３丁目,2002,5.208333333333334,大幅増加
新町２丁目,2021,5.206073752711497,大幅増加
桜町,2010,5.2,大幅増加
渡鹿４丁目,2012,5.194805194805195,大幅増加
長嶺東４丁目,2005,5.193578847969783,大幅増加
長嶺南５丁目,2013,5.192878338278932,大幅増加
南熊本３丁目,2020,5.185185185185185,大幅増加
万町１丁目,2024,5.185185185185185,大幅増加
水前寺公園,2009,5.18018018018018,大幅増加
稗田町,2021,5.179282868525896,大幅増加
新南部２丁目,2021,5.177514792899409,大幅増加
新外３丁目,2016,5.174035747883349,大幅増加
徳王町,2018,5.172413793103448,大幅増加
楠６丁目,2020,5.172413793103448,大幅増加
山室４丁目,2014,5.172413793103448,大幅増加
総数,2022,5.172413793103448,大幅増加
山室３丁目,2017,5.167173252279635,大幅増加
江越２丁目,2020,5.163043478260869,大幅増加
井川淵町,2023,5.161290322580645,大幅増加
楠６丁目,2016,5.156537753222836,大幅増加
今町,2013,5.154639175257731,大幅増加
子飼本町,2024,5.141843971631205,大幅増加
元三町２丁目,2013,5.139186295503212,大幅増加
平田２丁目,2010,5.138339920948617,大幅増加
中島町,2023,5.137614678899083,大幅増加
大江５丁目,2007,5.134189031505251,大幅増加
出水５丁目,2014,5.128205128205128,大幅増加
武蔵ケ丘１丁目,2004,5.124835742444152,大幅増加
画図町大字重富,2016,5.121527777777778,大幅増加
弥生町,2018,5.120481927710843,大幅増加
下南部１丁目,2007,5.120481927710843,大幅増加
東野３丁目,2012,5.118110236220472,大幅増加
桜木５丁目,2001,5.111821086261981,大幅増加
沼山津２丁目,2020,5.111111111111112,大幅増加
黒髪１丁目,2002,5.110602593440122,大幅増加
戸島町,2021,5.106382978723404,大幅増加
八島１丁目,2004,5.105105105105105,大幅増加
長嶺東４丁目,2021,5.1020408163265305,大幅増加
健軍３丁目,2001,5.099872503187421,大幅増加
出水３丁目,2009,5.094043887147335,大幅増加
下硯川町,2018,5.092592592592593,大幅増加
蓮台寺５丁目,2016,5.092592592592593,大幅増加
東野４丁目,2019,5.092592592592593,大幅増加
田迎４丁目,2013,5.091649694501019,大幅増加
山ノ内２丁目,2021,5.089820359281437,大幅増加
山室５丁目,2002,5.089058524173027,大幅増加
野田１丁目,2016,5.084745762711865,大幅増加
出仲間３丁目,2008,5.078125,大幅増加
南熊本４丁目,2001,5.072463768115942,大幅増加
秋津新町,2000,5.072463768115942,大幅増加
八反田２丁目,2019,5.069708491761723,大幅増加
神水本町,2020,5.063291139240507,大幅増加
近見４丁目,2003,5.061349693251533,大幅増加
近見４丁目,2005,5.057803468208093,大幅増加
梶尾町,2000,5.053003533568905,大幅増加
大窪４丁目,2021,5.05050505050505,大幅増加
近見町,2009,5.05050505050505,大幅増加
秋津２丁目,2006,5.049396267837541,大幅増加
月出５丁目,2004,5.046728971962617,大幅増加
新町４丁目,2018,5.043712172158709,大幅増加
尾ノ上４丁目,2009,5.040871934604905,大幅増加
月出６丁目,2019,5.04,大幅増加
小山町,2018,5.0359712230215825,大幅増加
下硯川町,2000,5.033407572383074,大幅増加
御領５丁目,2003,5.033112582781457,大幅増加
八景水谷４丁目,2005,5.029940119760479,大幅増加
平田１丁目,1999,5.029013539651837,大幅増加
会富町,2025,5.0285714285714285,大幅増加
田迎５丁目,2008,5.027932960893855,大幅増加
池田１丁目,2005,5.012900847769997,大幅増加
御領３丁目,1999,5.008635578583765,大幅増加
浜口町,2018,5.008347245409015,大幅増加
西原１丁目,2004,5.006587615283268,大幅増加
八景水谷１丁目,2023,5.005107252298264,大幅増加
江津１丁目,2008,-5.003380662609872,大幅減少
楠１丁目,2018,-5.004035512510089,大幅減少
長嶺東８丁目,2025,-5.009633911368015,大幅減少
薬園町,2005,-5.012531328320802,大幅減少
山ノ内１丁目,2000,-5.015673981191222,大幅減少
八景水谷２丁目,2008,-5.016808895784846,大幅減少
八島１丁目,2022,-5.017921146953405,大幅減少
新外４丁目,2017,-5.019305019305019,大幅減少
萩原町,2019,-5.023400936037441,大幅減少
西原１丁目,2018,-5.023923444976076,大幅減少
出仲間９丁目,2020,-5.027932960893855,大幅減少
清水万石４丁目,2025,-5.032119914346895,大幅減少
清水万石５丁目,2022,-5.032258064516129,大幅減少
北千反畑町,2019,-5.034324942791762,大幅減少
国府本町,2010,-5.036496350364963,大幅減少
東町４丁目,2014,-5.046895935685574,大幅減少
花立４丁目,2020,-5.049088359046284,大幅減少
小島上町,2018,-5.05050505050505,大幅減少
東京塚町,2018,-5.05050505050505,大幅減少
大窪４丁目,2004,-5.05050505050505,大幅減少
黒髪３丁目,2010,-5.052878965922444,大幅減少
出仲間９丁目,2011,-5.058365758754864,大幅減少
長嶺南１丁目,2021,-5.062240663900415,大幅減少
古京町,2007,-5.063291139240507,大幅減少
川尻３丁目,2004,-5.063291139240507,大幅減少
下通１丁目,2015,-5.063291139240507,大幅減少
蓮台寺５丁目,2018,-5.063291139240507,大幅減少
近見町,2019,-5.063291139240507,大幅減少
楠６丁目,2015,-5.06993006993007,大幅減少
南高江４丁目,2021,-5.072463768115942,大幅減少
田崎３丁目,2023,-5.073086844368014,大幅減少
花園２丁目,2001,-5.077574047954866,大幅減少
江越１丁目,2015,-5.078597339782346,大幅減少
上鍛冶屋町,2014,-5.084745762711865,大幅減少
通町,2002,-5.084745762711865,大幅減少
新外４丁目,2004,-5.09433962264151,大幅減少
栄町,2017,-5.095541401273886,大幅減少
草葉町,2020,-5.100182149362477,大幅減少
水前寺６丁目,2014,-5.11000709723208,大幅減少
薬園町,2004,-5.112960760998811,大幅減少
中唐人町,2015,-5.113636363636364,大幅減少
下通１丁目,2024,-5.128205128205128,大幅減少
大江６丁目,2001,-5.128205128205128,大幅減少
太郎迫町,2007,-5.128205128205128,大幅減少
河内町面木,2003,-5.128205128205128,大幅減少
手取本町,2010,-5.128205128205128,大幅減少
楠１丁目,2012,-5.128205128205128,大幅減少
安政町,2024,-5.128205128205128,大幅減少
上京塚町,1999,-5.128205128205128,大幅減少
楠１丁目,2017,-5.130168453292496,大幅減少
川尻６丁目,2018,-5.133928571428571,大幅減少
帯山２丁目,2023,-5.137614678899083,大幅減少
米屋町２丁目,2016,-5.138339920948617,大幅減少
河内町東門寺,2010,-5.142857142857142,大幅減少
大江本町,2010,-5.1440329218107,大幅減少
新土河原１丁目,2019,-5.151915455746367,大幅減少
大鳥居町,2025,-5.154639175257731,大幅減少
北迫町,2015,-5.154639175257731,大幅減少
船場町２丁目,2025,-5.161290322580645,大幅減少
春日２丁目,2012,-5.164319248826291,大幅減少
十禅寺２丁目,2006,-5.164992826398852,大幅減少
八幡５丁目,2000,-5.1652892561983474,大幅減少
水源２丁目,2005,-5.168986083499006,大幅減少
川尻１丁目,2020,-5.172413793103448,大幅減少
八幡８丁目,2001,-5.172413793103448,大幅減少
通町,2009,-5.172413793103448,大幅減少
川尻５丁目,2015,-5.182926829268292,大幅減少
松尾町平山,2017,-5.188679245283019,大幅減少
春日７丁目,2017,-5.190311418685121,大幅減少
渡鹿７丁目,2022,-5.193661971830986,大幅減少
細工町４丁目,2014,-5.194805194805195,大幅減少
川尻２丁目,2019,-5.194805194805195,大幅減少
川尻５丁目,2017,-5.194805194805195,大幅減少
船場町下１丁目,2023,-5.194805194805195,大幅減少
楠４丁目,2017,-5.198019801980198,大幅減少
南熊本１丁目,2018,-5.203619909502263,大幅減少
船場町３丁目,2023,-5.204460966542751,大幅減少
南高江４丁目,2014,-5.206286836935167,大幅減少
江津２丁目,2017,-5.208333333333334,大幅減少
近見町,2013,-5.208333333333334,大幅減少
河内町東門寺,2000,-5.213270142180095,大幅減少
長嶺東６丁目,2012,-5.218525766470972,大幅減少
水前寺６丁目,2025,-5.222135619641465,大幅減少
大窪５丁目,2008,-5.230125523012552,大幅減少
岡田町,2013,-5.23138832997988,大幅減少
花園３丁目,2015,-5.2337752965806,大幅減少
若葉１丁目,2022,-5.2356020942408374,大幅減少
新外４丁目,2007,-5.253283302063791,大幅減少
長嶺南２丁目,2020,-5.255878284923928,大幅減少
東町２丁目,2006,-5.263157894736842,大幅減少
田迎町大字田井島,2013,-5.263157894736842,大幅減少
辛島町,2019,-5.263157894736842,大幅減少
近見９丁目,2006,-5.263157894736842,大幅減少
東阿弥陀寺町,2005,-5.263157894736842,大幅減少
横紺屋町,2021,-5.263157894736842,大幅減少
紺屋阿弥陀寺町,2004,-5.263157894736842,大幅減少
慶徳堀町,2010,-5.263157894736842,大幅減少
飛田町,2018,-5.263157894736842,大幅減少
白山１丁目,2007,-5.263157894736842,大幅減少
西唐人町,2017,-5.263157894736842,大幅減少
本山１丁目,2019,-5.273069679849341,大幅減少
楠４丁目,2008,-5.277777777777778,大幅減少
長嶺東５丁目,2021,-5.283307810107198,大幅減少
南高江３丁目,2023,-5.294117647058823,大幅減少
横手２丁目,2003,-5.29595015576324,大幅減少
花立２丁目,2010,-5.29595015576324,大幅減少
春日８丁目,2017,-5.298013245033113,大幅減少
西子飼町,2016,-5.298013245033113,大幅減少
御領６丁目,2020,-5.3164556962025316,大幅減少
幸田１丁目,2007,-5.316973415132924,大幅減少
小島上町,2019,-5.319148936170213,大幅減少
壺川１丁目,2019,-5.32994923857868,大幅減少
川尻２丁目,2010,-5.333333333333334,大幅減少
上水前寺２丁目,2006,-5.333333333333334,大幅減少
東町１丁目,2005,-5.333333333333334,大幅減少
西子飼町,2012,-5.345911949685535,大幅減少
渡鹿４丁目,2004,-5.35031847133758,大幅減少
薄場町,2024,-5.357142857142857,大幅減少
川端町,2017,-5.357142857142857,大幅減少
河内町東門寺,2023,-5.357142857142857,大幅減少
春日７丁目,2012,-5.35931790499391,大幅減少
八幡５丁目,2018,-5.361305361305361,大幅減少
新市街,2003,-5.365853658536586,大幅減少
月出４丁目,2015,-5.368731563421829,大幅減少
細工町４丁目,2003,-5.371900826446281,大幅減少
田迎２丁目,2005,-5.37280701754386,大幅減少
川尻１丁目,2014,-5.376344086021505,大幅減少
新屋敷３丁目,2007,-5.379746835443038,大幅減少
野田３丁目,2022,-5.385735080058224,大幅減少
新外４丁目,2022,-5.387931034482758,大幅減少
船場町下１丁目,1999,-5.389221556886228,大幅減少
本山２丁目,2014,-5.389221556886228,大幅減少
保田窪５丁目,2002,-5.396825396825397,大幅減少
江越２丁目,2019,-5.3984575835475574,大幅減少
安政町,2025,-5.405405405405405,大幅減少
井川淵町,2015,-5.405405405405405,大幅減少
河内町東門寺,2009,-5.405405405405405,大幅減少
横手１丁目,2004,-5.412054120541206,大幅減少
八幡９丁目,2024,-5.412371134020619,大幅減少
米屋町３丁目,2002,-5.416666666666667,大幅減少
妙体寺町,2001,-5.4245283018867925,大幅減少
下通１丁目,2020,-5.426356589147287,大幅減少
本山１丁目,2016,-5.42907180385289,大幅減少
東町３丁目,2019,-5.430774388199799,大幅減少
東町３丁目,2023,-5.436629289840298,大幅減少
黒髪７丁目,2004,-5.437100213219616,大幅減少
湖東１丁目,2006,-5.442176870748299,大幅減少
健軍５丁目,2006,-5.445544554455446,大幅減少
清水亀井町,2017,-5.448997384481256,大幅減少
南高江４丁目,2018,-5.450236966824645,大幅減少
平田２丁目,2011,-5.451127819548872,大幅減少
飛田３丁目,2018,-5.454545454545454,大幅減少
細工町２丁目,2001,-5.454545454545454,大幅減少
渡鹿２丁目,2017,-5.463182897862233,大幅減少
山室５丁目,2008,-5.46875,大幅減少
池上町,2006,-5.471478463329453,大幅減少
八幡６丁目,2013,-5.474452554744526,大幅減少
花園２丁目,2014,-5.474452554744526,大幅減少
山室６丁目,2013,-5.47945205479452,大幅減少
新外２丁目,2004,-5.483028720626632,大幅減少
大鳥居町,2014,-5.485232067510549,大幅減少
細工町３丁目,2009,-5.487804878048781,大幅減少
子飼本町,2006,-5.489614243323442,大幅減少
渡鹿２丁目,2008,-5.491990846681922,大幅減少
秋津新町,2016,-5.4945054945054945,大幅減少
池田４丁目,2006,-5.4945054945054945,大幅減少
本山３丁目,2005,-5.4945054945054945,大幅減少
紺屋町１丁目,2006,-5.4945054945054945,大幅減少
楠３丁目,2025,-5.5045871559633035,大幅減少
八島町,2023,-5.5045871559633035,大幅減少
春日５丁目,2003,-5.508474576271186,大幅減少
黒髪４丁目,2021,-5.511111111111111,大幅減少
御領７丁目,2003,-5.511811023622047,大幅減少
呉服町１丁目,1999,-5.511811023622047,大幅減少
草葉町,2006,-5.513784461152882,大幅減少
河内町大多尾,2022,-5.517241379310345,大幅減少
楠４丁目,2012,-5.522088353413655,大幅減少
二本木５丁目,2021,-5.523255813953488,大幅減少
本荘３丁目,1999,-5.524861878453039,大幅減少
清水万石２丁目,2010,-5.527638190954774,大幅減少
東町４丁目,2020,-5.537720706260032,大幅減少
河原町,2002,-5.555555555555555,大幅減少
東阿弥陀寺町,2006,-5.555555555555555,大幅減少
岡田町,1999,-5.555555555555555,大幅減少
下通１丁目,2017,-5.555555555555555,大幅減少
田崎町,2011,-5.555555555555555,大幅減少
東阿弥陀寺町,2011,-5.555555555555555,大幅減少
板屋町,2017,-5.555555555555555,大幅減少
東野４丁目,2007,-5.555555555555555,大幅減少
九品寺４丁目,2017,-5.563480741797433,大幅減少
十禅寺１丁目,2017,-5.564924114671164,大幅減少
辛島町,2017,-5.575539568345324,大幅減少
京町本丁,2012,-5.575539568345324,大幅減少
松尾町平山,2020,-5.583756345177665,大幅減少
若葉４丁目,2024,-5.591677503250976,大幅減少
八島２丁目,2022,-5.592417061611375,大幅減少
水源２丁目,2016,-5.594405594405594,大幅減少
横手２丁目,2019,-5.594405594405594,大幅減少
上水前寺１丁目,2017,-5.595667870036101,大幅減少
山室４丁目,1999,-5.597964376590331,大幅減少
鹿帰瀬町,2008,-5.6000000000000005,大幅減少
月出７丁目,2021,-5.610098176718092,大幅減少
呉服町１丁目,2014,-5.617977528089887,大幅減少
新外３丁目,2017,-5.635062611806798,大幅減少
無田口町,2016,-5.641025641025641,大幅減少
東本町,2021,-5.648535564853557,大幅減少
平成１丁目,2008,-5.650684931506849,大幅減少
春日２丁目,2008,-5.6537102473498235,大幅減少
平成２丁目,2005,-5.660377358490567,大幅減少
薄場町,2025,-5.660377358490567,大幅減少
細工町２丁目,2009,-5.660377358490567,大幅減少
花立１丁目,2000,-5.6722689075630255,大幅減少
中央街,2015,-5.673758865248227,大幅減少
南熊本４丁目,2021,-5.673758865248227,大幅減少
島崎６丁目,2025,-5.67651632970451,大幅減少
川尻６丁目,2017,-5.684210526315789,大幅減少
錦ケ丘,2023,-5.688202247191011,大幅減少
水前寺６丁目,2019,-5.712050078247262,大幅減少
元三町３丁目,2016,-5.720338983050848,大幅減少
月出８丁目,2024,-5.720823798627003,大幅減少
八島１丁目,2020,-5.723905723905724,大幅減少
南熊本１丁目,2019,-5.727923627684964,大幅減少
月出６丁目,2018,-5.731523378582202,大幅減少
山ノ内４丁目,2025,-5.7324840764331215,大幅減少
八島町,2001,-5.7324840764331215,大幅減少
米屋町２丁目,2008,-5.734767025089606,大幅減少
紺屋町３丁目,2019,-5.737704918032787,大幅減少
帯山８丁目,2019,-5.739130434782608,大幅減少
江越１丁目,2011,-5.741626794258373,大幅減少
白山３丁目,2008,-5.7441253263707575,大幅減少
保田窪４丁目,2017,-5.747973470891673,大幅減少
新外３丁目,2024,-5.75139146567718,大幅減少
大江本町,2012,-5.756929637526652,大幅減少
新外３丁目,1999,-5.7586837294332724,大幅減少
新屋敷１丁目,1999,-5.7640750670241285,大幅減少
古川町,2000,-5.769230769230769,大幅減少
馬渡２丁目,2007,-5.771812080536913,大幅減少
新南部１丁目,2002,-5.776173285198556,大幅減少
上林町,2005,-5.776173285198556,大幅減少
新外１丁目,2004,-5.780346820809249,大幅減少
渡鹿８丁目,2001,-5.780346820809249,大幅減少
上林町,2004,-5.782312925170068,大幅減少
蓮台寺２丁目,2009,-5.794392523364486,大幅減少
南高江５丁目,2023,-5.797101449275362,大幅減少
蓮台寺３丁目,2010,-5.797101449275362,大幅減少
大江５丁目,2005,-5.799151343705799,大幅減少
山ノ内４丁目,2002,-5.806451612903226,大幅減少
九品寺４丁目,1999,-5.807365439093484,大幅減少
健軍本町,2017,-5.807478122513922,大幅減少
上林町,2010,-5.813953488372093,大幅減少
桜木１丁目,2012,-5.817782656421515,大幅減少
大江本町,2014,-5.818965517241379,大幅減少
川尻５丁目,2018,-5.821917808219178,大幅減少
妙体寺町,2020,-5.827505827505827,大幅減少
健軍２丁目,2011,-5.829596412556054,大幅減少
呉服町１丁目,2001,-5.833333333333333,大幅減少
米屋町２丁目,2019,-5.833333333333333,大幅減少
河内町東門寺,2019,-5.839416058394161,大幅減少
琴平２丁目,2008,-5.840886203423968,大幅減少
長嶺南５丁目,2023,-5.845181674565561,大幅減少
近見７丁目,2002,-5.853658536585367,大幅減少
花立４丁目,2004,-5.856515373352855,大幅減少
下通１丁目,2001,-5.859375,大幅減少
山室４丁目,2017,-5.863192182410423,大幅減少
横手２丁目,2000,-5.864197530864197,大幅減少
花畑町,2015,-5.88235294117647,大幅減少
細工町２丁目,2007,-5.88235294117647,大幅減少
板屋町,2021,-5.88235294117647,大幅減少
細工町２丁目,2019,-5.88235294117647,大幅減少
東阿弥陀寺町,2012,-5.88235294117647,大幅減少
魚屋町２丁目,2009,-5.88235294117647,大幅減少
小島上町,2012,-5.88235294117647,大幅減少
大窪１丁目,2025,-5.88235294117647,大幅減少
江越２丁目,2014,-5.88235294117647,大幅減少
松原町,2003,-5.88235294117647,大幅減少
上通町,2004,-5.88235294117647,大幅減少
田迎６丁目,2006,-5.88235294117647,大幅減少
細工町５丁目,2001,-5.88235294117647,大幅減少
春日４丁目,2025,-5.89171974522293,大幅減少
八景水谷２丁目,2022,-5.894886363636364,大幅減少
東町２丁目,2019,-5.899705014749262,大幅減少
若葉１丁目,2018,-5.901116427432217,大幅減少
辛島町,2018,-5.904761904761905,大幅減少
清水万石３丁目,2011,-5.913978494623656,大幅減少
松尾町平山,2021,-5.913978494623656,大幅減少
花園２丁目,2009,-5.92,大幅減少
佐土原３丁目,2008,-5.921052631578947,大幅減少
南熊本３丁目,2019,-5.923344947735192,大幅減少
横手２丁目,2023,-5.9259259259259265,大幅減少
横手３丁目,2024,-5.932203389830509,大幅減少
八幡９丁目,1999,-5.933429811866859,大幅減少
大江２丁目,2009,-5.941302791696493,大幅減少
呉服町３丁目,2024,-5.94900849858357,大幅減少
九品寺２丁目,2007,-5.950413223140496,大幅減少
川尻２丁目,2006,-5.957446808510639,大幅減少
新市街,2002,-5.963302752293578,大幅減少
長嶺東８丁目,2018,-5.964912280701754,大幅減少
幸田２丁目,2022,-5.965909090909091,大幅減少
西原３丁目,2018,-5.968468468468469,大幅減少
白山３丁目,2019,-5.977011494252873,大幅減少
栄町,2016,-5.9880239520958085,大幅減少
近見７丁目,2012,-6.0,大幅減少
中江町,2014,-6.0,大幅減少
野中３丁目,2014,-6.0,大幅減少
大江４丁目,2002,-6.005586592178771,大幅減少
健軍５丁目,2001,-6.008583690987124,大幅減少
出町,2001,-6.00907029478458,大幅減少
上水前寺２丁目,2020,-6.019151846785226,大幅減少
八反田２丁目,2017,-6.022659511031605,大幅減少
河内町東門寺,2011,-6.024096385542169,大幅減少
山崎町,2021,-6.024096385542169,大幅減少
田崎３丁目,2020,-6.037151702786378,大幅減少
八島１丁目,2023,-6.037735849056604,大幅減少
井川淵町,2000,-6.043956043956044,大幅減少
新南部１丁目,2020,-6.046511627906977,大幅減少
中江町,2017,-6.0606060606060606,大幅減少
川尻１丁目,2009,-6.0606060606060606,大幅減少
河内町面木,2023,-6.0606060606060606,大幅減少
小山町,2011,-6.066945606694561,大幅減少
出仲間２丁目,2011,-6.073752711496746,大幅減少
新南部４丁目,2021,-6.077348066298343,大幅減少
横手２丁目,1999,-6.086956521739131,大幅減少
呉服町１丁目,2018,-6.097560975609756,大幅減少
鹿子木町,2020,-6.103993971363979,大幅減少
湖東１丁目,2012,-6.106870229007633,大幅減少
大窪２丁目,2020,-6.115107913669065,大幅減少
上林町,2022,-6.115107913669065,大幅減少
平成１丁目,2020,-6.122448979591836,大幅減少
出仲間５丁目,2003,-6.130268199233716,大幅減少
桜木２丁目,2017,-6.135770234986945,大幅減少
河内町東門寺,2025,-6.140350877192982,大幅減少
田迎１丁目,2007,-6.140350877192982,大幅減少
釜尾町,2018,-6.145251396648044,大幅減少
西子飼町,2002,-6.1465721040189125,大幅減少
月出５丁目,2025,-6.151142355008787,大幅減少
河内町東門寺,2021,-6.153846153846154,大幅減少
長嶺西１丁目,2017,-6.1704834605597965,大幅減少
八幡６丁目,2014,-6.177606177606178,大幅減少
武蔵ケ丘４丁目,2010,-6.17816091954023,大幅減少
安政町,2017,-6.185567010309279,大幅減少
迎町２丁目,2020,-6.198347107438017,大幅減少
新外４丁目,2019,-6.224066390041494,大幅減少
新南部６丁目,2015,-6.22568093385214,大幅減少
御領４丁目,2008,-6.231454005934718,大幅減少
三郎１丁目,2021,-6.240249609984399,大幅減少
魚屋町１丁目,2004,-6.25,大幅減少
月出５丁目,2020,-6.25,大幅減少
細工町２丁目,2015,-6.25,大幅減少
西唐人町,2013,-6.25,大幅減少
東阿弥陀寺町,2013,-6.25,大幅減少
秋津新町,2014,-6.25,大幅減少
魚屋町２丁目,2000,-6.25,大幅減少
呉服町１丁目,2025,-6.25,大幅減少
沼山津４丁目,2021,-6.255666364460562,大幅減少
山室３丁目,2016,-6.267806267806268,大幅減少
武蔵ケ丘７丁目,2004,-6.269592476489027,大幅減少
野田３丁目,2021,-6.2755798090040935,大幅減少
二本木１丁目,2008,-6.278026905829597,大幅減少
佐土原３丁目,2009,-6.293706293706294,大幅減少
西子飼町,2003,-6.297229219143577,大幅減少
沼山津１丁目,2017,-6.314878892733564,大幅減少
楠２丁目,2007,-6.319702602230483,大幅減少
二本木１丁目,2001,-6.324110671936759,大幅減少
山崎町,2023,-6.329113924050633,大幅減少
栄町,2009,-6.331168831168831,大幅減少
本荘４丁目,2004,-6.339468302658487,大幅減少
横手１丁目,2017,-6.340579710144928,大幅減少
八幡９丁目,2022,-6.341463414634147,大幅減少
下通２丁目,2002,-6.353591160220995,大幅減少
新外１丁目,2017,-6.365503080082135,大幅減少
蓮台寺５丁目,2008,-6.369426751592357,大幅減少
二本木３丁目,2004,-6.3701923076923075,大幅減少
大窪５丁目,2016,-6.3701923076923075,大幅減少
南高江４丁目,2020,-6.377204884667571,大幅減少
春日５丁目,2017,-6.378600823045268,大幅減少
紺屋今町,2004,-6.382978723404255,大幅減少
万町１丁目,2020,-6.382978723404255,大幅減少
出仲間２丁目,2007,-6.382978723404255,大幅減少
清水万石２丁目,2011,-6.382978723404255,大幅減少
飛田町,2013,-6.382978723404255,大幅減少
城東町,2011,-6.388888888888888,大幅減少
花立３丁目,2011,-6.391270459859704,大幅減少
楠６丁目,2021,-6.393442622950819,大幅減少
上熊本１丁目,2018,-6.3938618925831205,大幅減少
新南部４丁目,2006,-6.3938618925831205,大幅減少
大窪２丁目,2019,-6.397306397306397,大幅減少
坪井４丁目,2012,-6.402048655569782,大幅減少
上林町,2016,-6.422018348623854,大幅減少
大江３丁目,2010,-6.423611111111111,大幅減少
新市街,2000,-6.425702811244979,大幅減少
新市街,2001,-6.437768240343347,大幅減少
徳王町,2015,-6.451612903225806,大幅減少
小沢町,2016,-6.451612903225806,大幅減少
小沢町,2001,-6.451612903225806,大幅減少
万町２丁目,2024,-6.451612903225806,大幅減少
春竹町大字春竹,1999,-6.471816283924843,大幅減少
田崎２丁目,2021,-6.472491909385113,大幅減少
八島１丁目,2017,-6.472491909385113,大幅減少
楠１丁目,2015,-6.477438136826782,大幅減少
花立１丁目,2007,-6.479481641468683,大幅減少
東町３丁目,2025,-6.480403570042685,大幅減少
世安町,2023,-6.482758620689655,大幅減少
八景水谷２丁目,2024,-6.485034535686876,大幅減少
蓮台寺１丁目,2023,-6.485963213939981,大幅減少
山室５丁目,2021,-6.5015479876160995,大幅減少
山室５丁目,2014,-6.504065040650407,大幅減少
安政町,2009,-6.504065040650407,大幅減少
小山町,2008,-6.50994575045208,大幅減少
山ノ内２丁目,2013,-6.514657980456026,大幅減少
細工町５丁目,2008,-6.521739130434782,大幅減少
花園３丁目,2014,-6.523157208088715,大幅減少
江津２丁目,2008,-6.52753108348135,大幅減少
南高江４丁目,2017,-6.533776301218161,大幅減少
本荘２丁目,2025,-6.534653465346535,大幅減少
飛田３丁目,2016,-6.539509536784741,大幅減少
徳王町,2023,-6.557377049180328,大幅減少
大江５丁目,2024,-6.5594059405940595,大幅減少
秋津新町,2005,-6.569343065693431,大幅減少
近見町,2016,-6.578947368421052,大幅減少
帯山８丁目,2006,-6.578947368421052,大幅減少
山ノ神１丁目,2017,-6.5891472868217065,大幅減少
紺屋町１丁目,2015,-6.593406593406594,大幅減少
小島上町,2017,-6.60377358490566,大幅減少
武蔵ケ丘７丁目,2024,-6.613756613756613,大幅減少
帯山８丁目,2021,-6.61764705882353,大幅減少
大窪４丁目,2019,-6.622516556291391,大幅減少
坪井３丁目,2023,-6.622516556291391,大幅減少
長嶺西３丁目,2007,-6.6350710900473935,大幅減少
幸田１丁目,2004,-6.640625,大幅減少
桜町,2007,-6.640625,大幅減少
野中３丁目,2005,-6.645569620253164,大幅減少
下通２丁目,2019,-6.648936170212766,大幅減少
辛島町,2000,-6.666666666666667,大幅減少
松原町,2007,-6.666666666666667,大幅減少
紺屋町３丁目,2013,-6.666666666666667,大幅減少
古城町,2016,-6.666666666666667,大幅減少
東阿弥陀寺町,2015,-6.666666666666667,大幅減少
鍛冶屋町,2005,-6.666666666666667,大幅減少
薄場町,2006,-6.666666666666667,大幅減少
万町２丁目,2005,-6.666666666666667,大幅減少
南高江４丁目,2024,-6.67779632721202,大幅減少
下南部１丁目,2009,-6.686046511627906,大幅減少
西原３丁目,2021,-6.691919191919192,大幅減少
本荘２丁目,2017,-6.692913385826772,大幅減少
十禅寺１丁目,2007,-6.7092651757188495,大幅減少
田迎２丁目,2021,-6.7105263157894735,大幅減少
南熊本４丁目,2003,-6.7114093959731544,大幅減少
細工町４丁目,2017,-6.722689075630252,大幅減少
湖東１丁目,2008,-6.739526411657559,大幅減少
南熊本４丁目,2000,-6.756756756756757,大幅減少
江越２丁目,2022,-6.763285024154589,大幅減少
河内町大多尾,2007,-6.787330316742081,大幅減少
月出８丁目,2025,-6.796116504854369,大幅減少
南熊本２丁目,2007,-6.802721088435375,大幅減少
秋津２丁目,2017,-6.811451135241856,大幅減少
飛田町,2004,-6.8181818181818175,大幅減少
紺屋町２丁目,2007,-6.8181818181818175,大幅減少
紺屋町１丁目,2009,-6.8181818181818175,大幅減少
国府４丁目,2017,-6.820049301561217,大幅減少
月出７丁目,2023,-6.828528072837632,大幅減少
呉服町１丁目,2005,-6.862745098039216,大幅減少
二本木１丁目,2019,-6.866952789699571,大幅減少
南熊本１丁目,2000,-6.8807339449541285,大幅減少
千葉城町,2005,-6.896551724137931,大幅減少
魚屋町２丁目,2002,-6.896551724137931,大幅減少
大江本町,2023,-6.915887850467289,大幅減少
井川淵町,2004,-6.918238993710692,大幅減少
黒髪５丁目,2007,-6.920199501246883,大幅減少
新南部６丁目,2004,-6.920415224913495,大幅減少
山室６丁目,2000,-6.926406926406926,大幅減少
八島１丁目,2013,-6.927710843373494,大幅減少
古川町,2010,-6.9306930693069315,大幅減少
紺屋町３丁目,2003,-6.9306930693069315,大幅減少
細工町１丁目,2003,-6.9306930693069315,大幅減少
中唐人町,2007,-6.9364161849710975,大幅減少
魚屋町３丁目,2002,-6.944444444444445,大幅減少
段山本町,2009,-6.944444444444445,大幅減少
上林町,2003,-6.962025316455696,大幅減少
桜木６丁目,2000,-6.976744186046512,大幅減少
九品寺６丁目,2005,-7.0085470085470085,大幅減少
出水４丁目,2013,-7.01058201058201,大幅減少
二本木１丁目,2024,-7.011070110701106,大幅減少
上通町,2018,-7.017543859649122,大幅減少
下通２丁目,2006,-7.0287539936102235,大幅減少
八幡１０丁目,2022,-7.040229885057471,大幅減少
清水万石２丁目,2001,-7.042253521126761,大幅減少
中江町,2005,-7.042253521126761,大幅減少
坪井２丁目,2020,-7.042253521126761,大幅減少
中江町,2008,-7.042253521126761,大幅減少
春日６丁目,2006,-7.042253521126761,大幅減少
八幡９丁目,2017,-7.06401766004415,大幅減少
川尻２丁目,2001,-7.07070707070707,大幅減少
池亀町,2007,-7.07482993197279,大幅減少
新市街,1999,-7.08955223880597,大幅減少
山ノ内４丁目,2018,-7.100591715976331,大幅減少
新外１丁目,2000,-7.102803738317758,大幅減少
南熊本２丁目,2001,-7.1065989847715745,大幅減少
弥生町,2025,-7.120743034055728,大幅減少
板屋町,2025,-7.142857142857142,大幅減少
古城町,2007,-7.142857142857142,大幅減少
宮内,2020,-7.142857142857142,大幅減少
万町２丁目,2017,-7.142857142857142,大幅減少
池田４丁目,2005,-7.142857142857142,大幅減少
魚屋町２丁目,2012,-7.142857142857142,大幅減少
東阿弥陀寺町,2016,-7.142857142857142,大幅減少
魚屋町３丁目,2011,-7.142857142857142,大幅減少
河原町,1999,-7.142857142857142,大幅減少
魚屋町１丁目,2017,-7.142857142857142,大幅減少
魚屋町２丁目,2017,-7.142857142857142,大幅減少
古大工町,2012,-7.142857142857142,大幅減少
古京町,2024,-7.142857142857142,大幅減少
中央街,2019,-7.194244604316546,大幅減少
武蔵ケ丘４丁目,2008,-7.1951219512195115,大幅減少
春日５丁目,2010,-7.198443579766536,大幅減少
本山１丁目,2000,-7.199999999999999,大幅減少
船場町下１丁目,2006,-7.203389830508475,大幅減少
平田１丁目,2016,-7.205623901581721,大幅減少
平成３丁目,2023,-7.2106261859582546,大幅減少
楠４丁目,2015,-7.228915662650602,大幅減少
田崎町,2005,-7.246376811594203,大幅減少
月出８丁目,2003,-7.253886010362693,大幅減少
川尻２丁目,2022,-7.281553398058252,大幅減少
船場町２丁目,2016,-7.2992700729927,大幅減少
新外１丁目,2006,-7.302231237322515,大幅減少
釜尾町,2010,-7.30593607305936,大幅減少
黒髪５丁目,2009,-7.308503162333099,大幅減少
船場町２丁目,2005,-7.317073170731707,大幅減少
黒髪７丁目,2022,-7.317073170731707,大幅減少
飛田町,2005,-7.317073170731707,大幅減少
古城町,2022,-7.317073170731707,大幅減少
春日５丁目,2007,-7.320644216691069,大幅減少
米屋町３丁目,2009,-7.327586206896551,大幅減少
細工町３丁目,2008,-7.344632768361582,大幅減少
魚屋町３丁目,2004,-7.352941176470589,大幅減少
呉服町３丁目,2012,-7.3643410852713185,大幅減少
飛田３丁目,2022,-7.365439093484419,大幅減少
秋津新町,1999,-7.38255033557047,大幅減少
新南部１丁目,2023,-7.389162561576355,大幅減少
川尻２丁目,2014,-7.391304347826087,大幅減少
本荘５丁目,2010,-7.396733909702209,大幅減少
東町３丁目,2024,-7.402084081925979,大幅減少
花畑町,2025,-7.4074074074074066,大幅減少
大鳥居町,2020,-7.4074074074074066,大幅減少
通町,2019,-7.4074074074074066,大幅減少
健軍５丁目,2004,-7.4074074074074066,大幅減少
段山本町,2004,-7.4074074074074066,大幅減少
出町,2025,-7.4162679425837315,大幅減少
山室４丁目,2009,-7.430340557275541,大幅減少
上林町,2020,-7.4324324324324325,大幅減少
秋津新町,2004,-7.4324324324324325,大幅減少
紺屋町１丁目,2022,-7.43801652892562,大幅減少
大江本町,2022,-7.439446366782007,大幅減少
山室６丁目,2001,-7.441860465116279,大幅減少
東町１丁目,2006,-7.44466800804829,大幅減少
上京塚町,2025,-7.476635514018691,大幅減少
横手２丁目,2006,-7.488986784140969,大幅減少
東野３丁目,2017,-7.5,大幅減少
南高江５丁目,2010,-7.5,大幅減少
御領４丁目,2011,-7.508532423208192,大幅減少
東町３丁目,2015,-7.519046041735675,大幅減少
古京町,2002,-7.526881720430108,大幅減少
紺屋町３丁目,2007,-7.526881720430108,大幅減少
新市街,2022,-7.534246575342466,大幅減少
渡鹿４丁目,2000,-7.5401730531520395,大幅減少
呉服町２丁目,2003,-7.547169811320755,大幅減少
南熊本２丁目,2006,-7.547169811320755,大幅減少
細工町５丁目,2020,-7.547169811320755,大幅減少
魚屋町３丁目,2006,-7.575757575757576,大幅減少
南高江２丁目,2017,-7.58974358974359,大幅減少
山室５丁目,2023,-7.590759075907591,大幅減少
東野１丁目,2014,-7.591623036649215,大幅減少
神水本町,2014,-7.59493670886076,大幅減少
江津２丁目,2005,-7.59543486816214,大幅減少
紺屋今町,2002,-7.6190476190476195,大幅減少
平成１丁目,2002,-7.635009310986965,大幅減少
南高江４丁目,2019,-7.644110275689223,大幅減少
田崎１丁目,2003,-7.667386609071274,大幅減少
東阿弥陀寺町,2017,-7.6923076923076925,大幅減少
魚屋町１丁目,2001,-7.6923076923076925,大幅減少
紺屋阿弥陀寺町,2015,-7.6923076923076925,大幅減少
西唐人町,2009,-7.6923076923076925,大幅減少
宮内,2006,-7.6923076923076925,大幅減少
魚屋町１丁目,2018,-7.6923076923076925,大幅減少
魚屋町２丁目,2018,-7.6923076923076925,大幅減少
楠３丁目,1999,-7.6923076923076925,大幅減少
九品寺４丁目,2019,-7.703488372093023,大幅減少
花園２丁目,2018,-7.707910750507099,大幅減少
南熊本３丁目,2001,-7.746478873239436,大幅減少
八島町,2014,-7.758620689655173,大幅減少
新南部６丁目,2011,-7.773851590106007,大幅減少
江津２丁目,2023,-7.777777777777778,大幅減少
安政町,2019,-7.777777777777778,大幅減少
下通１丁目,2010,-7.777777777777778,大幅減少
新外２丁目,2014,-7.792207792207792,大幅減少
白山１丁目,2019,-7.8085642317380355,大幅減少
古京町,2016,-7.8125,大幅減少
花畑町,2009,-7.8125,大幅減少
細工町１丁目,2025,-7.8125,大幅減少
細工町４丁目,2023,-7.834101382488479,大幅減少
古城町,2009,-7.8431372549019605,大幅減少
南高江３丁目,2001,-7.853403141361256,大幅減少
小峯２丁目,2013,-7.853881278538813,大幅減少
桜木６丁目,2010,-7.894736842105263,大幅減少
飛田町,2006,-7.894736842105263,大幅減少
板屋町,2000,-7.894736842105263,大幅減少
九品寺３丁目,2005,-7.908428720083246,大幅減少
船場町２丁目,2001,-7.913669064748201,大幅減少
渡鹿１丁目,2014,-7.94044665012407,大幅減少
北千反畑町,2020,-7.951807228915662,大幅減少
御領７丁目,2025,-7.964601769911504,大幅減少
下通１丁目,1999,-7.971014492753622,大幅減少
内坪井町,2017,-7.984293193717278,大幅減少
呉服町３丁目,2019,-7.988165680473373,大幅減少
白山２丁目,2020,-7.994186046511628,大幅減少
田崎町,2004,-8.0,大幅減少
古大工町,2004,-8.0,大幅減少
板屋町,2014,-8.0,大幅減少
南熊本４丁目,2009,-8.015267175572518,大幅減少
迎町２丁目,1999,-8.02675585284281,大幅減少
南熊本３丁目,2006,-8.041958041958042,大幅減少
会富町,2002,-8.045977011494253,大幅減少
花畑町,2000,-8.045977011494253,大幅減少
山室３丁目,2023,-8.04953560371517,大幅減少
井川淵町,2020,-8.074534161490684,大幅減少
下通１丁目,2025,-8.108108108108109,大幅減少
南高江３丁目,2022,-8.108108108108109,大幅減少
川端町,2003,-8.108108108108109,大幅減少
安政町,2014,-8.108108108108109,大幅減少
山崎町,2024,-8.108108108108109,大幅減少
神水本町,2019,-8.13953488372093,大幅減少
大江２丁目,2010,-8.143074581430746,大幅減少
二本木５丁目,2000,-8.155080213903744,大幅減少
田崎町,2014,-8.16326530612245,大幅減少
川端町,2021,-8.16326530612245,大幅減少
古大工町,2006,-8.16326530612245,大幅減少
春日３丁目,2002,-8.180839612486544,大幅減少
魚屋町３丁目,2016,-8.19672131147541,大幅減少
細工町２丁目,2023,-8.19672131147541,大幅減少
河内町東門寺,2022,-8.19672131147541,大幅減少
大窪３丁目,2006,-8.201892744479496,大幅減少
二本木１丁目,1999,-8.208955223880597,大幅減少
出町,2017,-8.221797323135755,大幅減少
湖東１丁目,2017,-8.235294117647058,大幅減少
黒髪７丁目,2015,-8.256880733944955,大幅減少
武蔵ケ丘７丁目,2020,-8.261405672009865,大幅減少
新市街,2011,-8.275862068965518,大幅減少
呉服町２丁目,2000,-8.275862068965518,大幅減少
清水万石２丁目,2009,-8.294930875576037,大幅減少
古城町,2002,-8.333333333333332,大幅減少
紺屋町１丁目,2017,-8.333333333333332,大幅減少
安政町,2022,-8.333333333333332,大幅減少
近見９丁目,2020,-8.333333333333332,大幅減少
春日２丁目,2010,-8.333333333333332,大幅減少
慶徳堀町,2003,-8.333333333333332,大幅減少
蓮台寺５丁目,2010,-8.333333333333332,大幅減少
桜木６丁目,2004,-8.333333333333332,大幅減少
紺屋今町,2011,-8.333333333333332,大幅減少
松原町,2010,-8.333333333333332,大幅減少
手取本町,2013,-8.333333333333332,大幅減少
東町１丁目,2022,-8.383233532934131,大幅減少
呉服町２丁目,2005,-8.411214953271028,大幅減少
長嶺西３丁目,2005,-8.411214953271028,大幅減少
春日６丁目,2003,-8.426966292134832,大幅減少
白山１丁目,2016,-8.430913348946136,大幅減少
西原１丁目,2017,-8.433734939759036,大幅減少
南高江３丁目,2016,-8.450704225352112,大幅減少
古大工町,2015,-8.47457627118644,大幅減少
八幡８丁目,2009,-8.49056603773585,大幅減少
紺屋町３丁目,2004,-8.51063829787234,大幅減少
下通１丁目,2006,-8.530805687203792,大幅減少
武蔵ケ丘４丁目,2009,-8.541392904073588,大幅減少
板屋町,2003,-8.571428571428571,大幅減少
江越２丁目,2001,-8.60215053763441,大幅減少
出仲間９丁目,2012,-8.60655737704918,大幅減少
野田１丁目,2022,-8.641975308641975,大幅減少
下通１丁目,2005,-8.658008658008658,大幅減少
下南部１丁目,2011,-8.659217877094973,大幅減少
若葉１丁目,2005,-8.662613981762918,大幅減少
護藤町,2001,-8.684707363121461,大幅減少
帯山８丁目,2009,-8.68824531516184,大幅減少
新市街,2016,-8.695652173913043,大幅減少
板屋町,2015,-8.695652173913043,大幅減少
紺屋町２丁目,2005,-8.695652173913043,大幅減少
古京町,2022,-8.695652173913043,大幅減少
山室６丁目,2010,-8.695652173913043,大幅減少
八島町,2024,-8.737864077669903,大幅減少
上京塚町,2017,-8.75,大幅減少
田崎本町,2011,-8.766233766233766,大幅減少
小島上町,2015,-8.771929824561402,大幅減少
平成２丁目,2013,-8.806262230919765,大幅減少
近見町,2003,-8.849557522123893,大幅減少
下通２丁目,2004,-8.849557522123893,大幅減少
鍛冶屋町,1999,-8.860759493670885,大幅減少
田崎町,2015,-8.88888888888889,大幅減少
紺屋町２丁目,2019,-8.88888888888889,大幅減少
古城町,2021,-8.88888888888889,大幅減少
大窪４丁目,2009,-8.896797153024911,大幅減少
万町１丁目,2022,-8.904109589041095,大幅減少
西原３丁目,2011,-8.91089108910891,大幅減少
通町,2005,-8.928571428571429,大幅減少
渡鹿８丁目,2000,-8.947368421052632,大幅減少
細工町１丁目,2016,-8.955223880597014,大幅減少
古城町,2004,-8.955223880597014,大幅減少
紺屋今町,2022,-8.98876404494382,大幅減少
山ノ内２丁目,2003,-9.004739336492891,大幅減少
釜尾町,2014,-9.004739336492891,大幅減少
御領４丁目,2010,-9.006211180124224,大幅減少
東町１丁目,2002,-9.071729957805907,大幅減少
万町２丁目,2014,-9.090909090909092,大幅減少
紺屋町２丁目,1999,-9.090909090909092,大幅減少
古大工町,2000,-9.090909090909092,大幅減少
辛島町,2005,-9.090909090909092,大幅減少
清水万石２丁目,2013,-9.090909090909092,大幅減少
近見９丁目,2021,-9.090909090909092,大幅減少
松原町,2016,-9.090909090909092,大幅減少
紺屋阿弥陀寺町,2024,-9.090909090909092,大幅減少
米屋町３丁目,2023,-9.12863070539419,大幅減少
山ノ内４丁目,2017,-9.13978494623656,大幅減少
健軍５丁目,2008,-9.13978494623656,大幅減少
下通１丁目,2019,-9.15492957746479,大幅減少
渡鹿９丁目,2009,-9.174311926605505,大幅減少
呉服町１丁目,2013,-9.183673469387756,大幅減少
武蔵ケ丘９丁目,2006,-9.186351706036746,大幅減少
山崎町,2004,-9.195402298850574,大幅減少
横手２丁目,2005,-9.2,大幅減少
春日２丁目,2004,-9.202453987730062,大幅減少
上熊本１丁目,2017,-9.210526315789473,大幅減少
南熊本２丁目,2003,-9.239130434782608,大幅減少
川端町,2019,-9.25925925925926,大幅減少
無田口町,2000,-9.274193548387096,大幅減少
新市街,2004,-9.278350515463918,大幅減少
春日２丁目,2001,-9.289617486338798,大幅減少
紺屋町２丁目,2001,-9.30232558139535,大幅減少
宮内,2005,-9.30232558139535,大幅減少
二本木１丁目,2017,-9.31174089068826,大幅減少
迎町２丁目,2016,-9.316770186335404,大幅減少
古京町,2009,-9.333333333333334,大幅減少
紺屋町１丁目,2019,-9.333333333333334,大幅減少
紺屋今町,2019,-9.345794392523365,大幅減少
御領４丁目,2020,-9.35483870967742,大幅減少
手取本町,2015,-9.375,大幅減少
薄場町,2003,-9.375,大幅減少
手取本町,2004,-9.375,大幅減少
安政町,2004,-9.401709401709402,大幅減少
春日６丁目,2004,-9.406952965235174,大幅減少
花畑町,2002,-9.411764705882353,大幅減少
近見町,2011,-9.433962264150944,大幅減少
細工町１丁目,1999,-9.433962264150944,大幅減少
若葉４丁目,2017,-9.440993788819876,大幅減少
水道町,1999,-9.456264775413711,大幅減少
紺屋町１丁目,2013,-9.473684210526317,大幅減少
山室６丁目,2012,-9.50413223140496,大幅減少
河内町面木,2021,-9.523809523809524,大幅減少
田迎町大字田井島,2012,-9.523809523809524,大幅減少
御領７丁目,2017,-9.523809523809524,大幅減少
南高江５丁目,2004,-9.523809523809524,大幅減少
東阿弥陀寺町,2000,-9.523809523809524,大幅減少
八島町,2005,-9.558823529411764,大幅減少
鍛冶屋町,2023,-9.583333333333334,大幅減少
古大工町,2010,-9.615384615384617,大幅減少
万町１丁目,2009,-9.62962962962963,大幅減少
田崎町,2003,-9.63855421686747,大幅減少
河内町面木,2024,-9.67741935483871,大幅減少
板屋町,2005,-9.67741935483871,大幅減少
西阿弥陀寺町,2017,-9.67741935483871,大幅減少
東野４丁目,2017,-9.706546275395034,大幅減少
田迎町大字田井島,2019,-9.803921568627452,大幅減少
近見町,1999,-9.820193637621024,大幅減少
釜尾町,2023,-9.826589595375722,大幅減少
本山２丁目,2020,-9.850746268656717,大幅減少
古川町,2003,-9.900990099009901,大幅減少
田崎町,1999,-10.0,大幅減少
田崎町,2010,-10.0,大幅減少
慶徳堀町,2007,-10.0,大幅減少
蓮台寺５丁目,2005,-10.0,大幅減少
花畑町,2017,-10.0,大幅減少
花畑町,2022,-10.0,大幅減少
万町２丁目,2011,-10.0,大幅減少
松原町,2017,-10.0,大幅減少
紺屋阿弥陀寺町,2017,-10.0,大幅減少
御領７丁目,2008,-10.0,大幅減少
宮内,2009,-10.0,大幅減少
手取本町,2021,-10.0,大幅減少
清水万石２丁目,2014,-10.0,大幅減少
上林町,2001,-10.02710027100271,大幅減少
呉服町１丁目,2003,-10.091743119266056,大幅減少
中唐人町,2011,-10.106382978723403,大幅減少
南熊本２丁目,2016,-10.106382978723403,大幅減少
春日２丁目,2009,-10.112359550561797,大幅減少
小峯４丁目,2012,-10.114503816793894,大幅減少
徳王町,2012,-10.126582278481013,大幅減少
白山１丁目,1999,-10.129310344827585,大幅減少
山室６丁目,2014,-10.144927536231885,大幅減少
渡鹿９丁目,2023,-10.144927536231885,大幅減少
花畑町,2011,-10.16949152542373,大幅減少
横紺屋町,2010,-10.16949152542373,大幅減少
紺屋町２丁目,2014,-10.204081632653061,大幅減少
細工町５丁目,2021,-10.204081632653061,大幅減少
鍛冶屋町,2003,-10.256410256410255,大幅減少
田迎２丁目,2020,-10.271546635182998,大幅減少
秋津新町,2013,-10.2803738317757,大幅減少
古京町,2014,-10.294117647058822,大幅減少
下南部１丁目,2019,-10.3125,大幅減少
紺屋阿弥陀寺町,2001,-10.344827586206897,大幅減少
本荘町,2017,-10.347551342812006,大幅減少
蓮台寺５丁目,2000,-10.434782608695652,大幅減少
秋津新町,2017,-10.465116279069768,大幅減少
宮内,2014,-10.526315789473683,大幅減少
船場町２丁目,2008,-10.526315789473683,大幅減少
田迎町大字田井島,2002,-10.526315789473683,大幅減少
松原町,2002,-10.526315789473683,大幅減少
大窪４丁目,1999,-10.610932475884244,大幅減少
田迎町大字田井島,2011,-10.638297872340425,大幅減少
細工町３丁目,2004,-10.674157303370785,大幅減少
春日３丁目,2007,-10.700389105058365,大幅減少
西阿弥陀寺町,2018,-10.714285714285714,大幅減少
西唐人町,2001,-10.714285714285714,大幅減少
細工町５丁目,1999,-10.714285714285714,大幅減少
通町,2012,-10.714285714285714,大幅減少
二本木３丁目,2017,-10.714285714285714,大幅減少
総数,1999,-10.79136690647482,大幅減少
上京塚町,2000,-10.81081081081081,大幅減少
横紺屋町,2024,-10.81081081081081,大幅減少
古京町,2004,-10.843373493975903,大幅減少
山崎町,2019,-10.869565217391305,大幅減少
南高江５丁目,2002,-10.869565217391305,大幅減少
山崎町,2000,-10.891089108910892,大幅減少
細工町３丁目,2019,-10.909090909090908,大幅減少
千葉城町,2010,-10.919540229885058,大幅減少
大江２丁目,2012,-10.922787193973635,大幅減少
御領１丁目,2017,-10.925539318023661,大幅減少
花畑町,2004,-10.9375,大幅減少
城東町,2000,-11.0,大幅減少
秋津新町,2007,-11.023622047244094,大幅減少
手取本町,2022,-11.11111111111111,大幅減少
細工町２丁目,2025,-11.11111111111111,大幅減少
紺屋町３丁目,2001,-11.11111111111111,大幅減少
西唐人町,2018,-11.11111111111111,大幅減少
東阿弥陀寺町,2023,-11.11111111111111,大幅減少
松原町,2018,-11.11111111111111,大幅減少
手取本町,2001,-11.11111111111111,大幅減少
手取本町,2003,-11.11111111111111,大幅減少
湖東１丁目,2015,-11.235955056179774,大幅減少
徳王町,2013,-11.267605633802818,大幅減少
上京塚町,2003,-11.29032258064516,大幅減少
本荘３丁目,2021,-11.30690161527166,大幅減少
新市街,2020,-11.30952380952381,大幅減少
御領７丁目,2006,-11.320754716981133,大幅減少
紺屋今町,2020,-11.34020618556701,大幅減少
渡鹿９丁目,2000,-11.347517730496454,大幅減少
米屋町３丁目,2004,-11.353711790393014,大幅減少
川端町,2000,-11.363636363636363,大幅減少
上京塚町,2013,-11.39240506329114,大幅減少
万町１丁目,2016,-11.409395973154362,大幅減少
新市街,2006,-11.428571428571429,大幅減少
横紺屋町,2018,-11.428571428571429,大幅減少
南高江３丁目,2010,-11.44578313253012,大幅減少
古京町,2020,-11.475409836065573,大幅減少
渡鹿９丁目,2017,-11.475409836065573,大幅減少
古城町,2005,-11.475409836065573,大幅減少
田崎町,2008,-11.475409836065573,大幅減少
南熊本２丁目,1999,-11.483253588516746,大幅減少
板屋町,2009,-11.538461538461538,大幅減少
千葉城町,2002,-11.538461538461538,大幅減少
宮内,2001,-11.538461538461538,大幅減少
呉服町１丁目,2006,-11.578947368421053,大幅減少
細工町５丁目,2012,-11.627906976744185,大幅減少
川尻５丁目,2003,-11.67192429022082,大幅減少
松原町,2006,-11.76470588235294,大幅減少
紺屋阿弥陀寺町,2013,-11.76470588235294,大幅減少
山崎町,2025,-11.76470588235294,大幅減少
千葉城町,2000,-11.76470588235294,大幅減少
紺屋町２丁目,2018,-11.76470588235294,大幅減少
宮内,2015,-11.76470588235294,大幅減少
板屋町,2018,-11.76470588235294,大幅減少
津浦町,2013,-11.785356068204614,大幅減少
南高江５丁目,2025,-11.842105263157894,大幅減少
魚屋町３丁目,2013,-11.864406779661017,大幅減少
呉服町１丁目,2021,-11.956521739130435,大幅減少
段山本町,2003,-11.956521739130435,大幅減少
河内町面木,2019,-12.0,大幅減少
近見町,2020,-12.0,大幅減少
大江２丁目,2011,-12.013256006628003,大幅減少
沼山津２丁目,2017,-12.040816326530612,大幅減少
細工町５丁目,2003,-12.068965517241379,大幅減少
千葉城町,2009,-12.121212121212121,大幅減少
花畑町,2020,-12.195121951219512,大幅減少
紺屋町２丁目,2008,-12.195121951219512,大幅減少
中江町,2012,-12.244897959183673,大幅減少
川端町,2015,-12.244897959183673,大幅減少
迎町２丁目,2017,-12.32876712328767,大幅減少
魚屋町３丁目,2024,-12.371134020618557,大幅減少
近見町,2002,-12.4031007751938,大幅減少
若葉６丁目,2017,-12.418300653594772,大幅減少
魚屋町１丁目,2006,-12.5,大幅減少
魚屋町２丁目,2011,-12.5,大幅減少
松原町,2019,-12.5,大幅減少
飛田町,2022,-12.5,大幅減少
桜木６丁目,2012,-12.5,大幅減少
東阿弥陀寺町,2025,-12.5,大幅減少
通町,2003,-12.5,大幅減少
中江町,1999,-12.5,大幅減少
手取本町,2025,-12.5,大幅減少
九品寺６丁目,2004,-12.556053811659194,大幅減少
蓮台寺５丁目,2003,-12.626262626262626,大幅減少
通町,2022,-12.658227848101266,大幅減少
下通１丁目,2014,-12.70718232044199,大幅減少
井川淵町,2002,-12.716763005780345,大幅減少
飛田町,2020,-12.727272727272727,大幅減少
中江町,2015,-12.76595744680851,大幅減少
紺屋今町,2007,-12.844036697247708,大幅減少
南高江３丁目,2020,-12.935323383084576,大幅減少
桜木６丁目,2006,-13.043478260869565,大幅減少
大窪１丁目,2016,-13.122171945701359,大幅減少
河内町面木,2022,-13.157894736842104,大幅減少
江津２丁目,2018,-13.186813186813188,大幅減少
横紺屋町,2011,-13.20754716981132,大幅減少
宮内,2018,-13.333333333333334,大幅減少
紺屋阿弥陀寺町,2014,-13.333333333333334,大幅減少
魚屋町１丁目,1999,-13.333333333333334,大幅減少
古大工町,2002,-13.461538461538462,大幅減少
細工町２丁目,2014,-13.513513513513514,大幅減少
横手２丁目,2017,-13.580246913580247,大幅減少
上京塚町,2006,-13.636363636363635,大幅減少
戸島町,2004,-13.636363636363635,大幅減少
近見９丁目,2010,-13.698630136986301,大幅減少
細工町２丁目,2017,-13.793103448275861,大幅減少
手取本町,2017,-13.793103448275861,大幅減少
沼山津４丁目,2017,-13.811320754716983,大幅減少
湖東１丁目,2021,-13.829787234042554,大幅減少
魚屋町３丁目,2018,-13.846153846153847,大幅減少
西唐人町,2021,-13.88888888888889,大幅減少
東町１丁目,2025,-13.905325443786982,大幅減少
紺屋町２丁目,2000,-14.000000000000002,大幅減少
西阿弥陀寺町,2019,-14.000000000000002,大幅減少
松原町,2009,-14.285714285714285,大幅減少
板屋町,2016,-14.285714285714285,大幅減少
松原町,2020,-14.285714285714285,大幅減少
魚屋町３丁目,2009,-14.285714285714285,大幅減少
山崎町,2017,-14.285714285714285,大幅減少
川端町,2006,-14.285714285714285,大幅減少
田崎１丁目,2004,-14.619883040935672,大幅減少
春日５丁目,2008,-14.691943127962084,大幅減少
紺屋阿弥陀寺町,2000,-14.705882352941178,大幅減少
古京町,2021,-14.814814814814813,大幅減少
段山本町,2017,-14.864864864864865,大幅減少
蓮台寺５丁目,2019,-15.11111111111111,大幅減少
古城町,2001,-15.294117647058824,大幅減少
湖東１丁目,2024,-15.306122448979592,大幅減少
飛田町,2025,-15.384615384615385,大幅減少
紺屋町２丁目,2003,-15.384615384615385,大幅減少
横紺屋町,2002,-15.384615384615385,大幅減少
古大工町,2019,-15.384615384615385,大幅減少
紺屋阿弥陀寺町,2023,-15.384615384615385,大幅減少
近見町,2014,-15.384615384615385,大幅減少
春日６丁目,2007,-15.404040404040403,大幅減少
船場町３丁目,2001,-15.59633027522936,大幅減少
手取本町,2000,-15.625,大幅減少
横手１丁目,2013,-15.703703703703702,大幅減少
田崎町,2022,-15.789473684210526,大幅減少
江津１丁目,2005,-15.835616438356166,大幅減少
楠２丁目,2013,-15.873015873015872,大幅減少
田迎町大字田井島,2004,-16.0,大幅減少
万町２丁目,2000,-16.216216216216218,大幅減少
渡鹿９丁目,2007,-16.260162601626014,大幅減少
春日３丁目,2003,-16.412661195779602,大幅減少
近見町,2023,-16.43835616438356,大幅減少
春日３丁目,2008,-16.55773420479303,大幅減少
田崎町,2020,-16.666666666666664,大幅減少
宮内,2017,-16.666666666666664,大幅減少
松原町,2022,-16.666666666666664,大幅減少
飛田町,2021,-16.666666666666664,大幅減少
花畑町,2021,-16.666666666666664,大幅減少
慶徳堀町,2005,-16.666666666666664,大幅減少
紺屋阿弥陀寺町,2016,-16.666666666666664,大幅減少
宮内,2007,-16.666666666666664,大幅減少
花畑町,2016,-16.666666666666664,大幅減少
河内町面木,2018,-16.666666666666664,大幅減少
魚屋町１丁目,2019,-16.666666666666664,大幅減少
御領７丁目,2004,-16.666666666666664,大幅減少
西唐人町,2023,-16.666666666666664,大幅減少
鍛冶屋町,2009,-16.666666666666664,大幅減少
大江２丁目,2004,-16.852540272614622,大幅減少
花畑町,2003,-16.883116883116884,大幅減少
紺屋町２丁目,2020,-17.073170731707318,大幅減少
魚屋町２丁目,2023,-17.24137931034483,大幅減少
宮内,2012,-17.391304347826086,大幅減少
近見町,2004,-17.475728155339805,大幅減少
南高江３丁目,2008,-17.560975609756095,大幅減少
春日６丁目,2008,-17.611940298507463,大幅減少
沼山津３丁目,2017,-17.63110307414105,大幅減少
東阿弥陀寺町,2007,-17.647058823529413,大幅減少
魚屋町２丁目,2016,-17.647058823529413,大幅減少
横手２丁目,2004,-17.763157894736842,大幅減少
魚屋町１丁目,2023,-17.80821917808219,大幅減少
宮内,2011,-17.857142857142858,大幅減少
総数,2017,-17.880794701986755,大幅減少
通町,1999,-18.0327868852459,大幅減少
八幡８丁目,2003,-18.181818181818183,大幅減少
上京塚町,2005,-18.51851851851852,大幅減少
魚屋町１丁目,2015,-18.75,大幅減少
長嶺東８丁目,2017,-18.91891891891892,大幅減少
桜木６丁目,2009,-19.148936170212767,大幅減少
万町２丁目,2019,-19.230769230769234,大幅減少
手取本町,2019,-19.230769230769234,大幅減少
千葉城町,2011,-19.35483870967742,大幅減少
古川町,2022,-19.875776397515526,大幅減少
魚屋町１丁目,2011,-20.0,大幅減少
板屋町,2001,-20.0,大幅減少
紺屋町１丁目,2000,-20.0,大幅減少
古城町,1999,-20.192307692307693,大幅減少
西阿弥陀寺町,2022,-21.21212121212121,大幅減少
楠１丁目,2000,-21.983039791258967,大幅減少
中江町,2010,-22.22222222222222,大幅減少
春日３丁目,2004,-22.44039270687237,大幅減少
辛島町,2004,-22.65625,大幅減少
紺屋阿弥陀寺町,2012,-22.727272727272727,大幅減少
慶徳堀町,1999,-22.727272727272727,大幅減少
八島町,2007,-22.950819672131146,大幅減少
紺屋阿弥陀寺町,2002,-23.076923076923077,大幅減少
宮内,2021,-23.076923076923077,大幅減少
川端町,2023,-23.636363636363637,大幅減少
西唐人町,2015,-23.91304347826087,大幅減少
田崎町,2021,-24.0,大幅減少
横紺屋町,2004,-24.0,大幅減少
川端町,2008,-24.137931034482758,大幅減少
横手２丁目,2013,-24.537037037037038,大幅減少
東阿弥陀寺町,2019,-25.0,大幅減少
手取本町,2002,-25.0,大幅減少
細工町５丁目,2006,-25.423728813559322,大幅減少
西阿弥陀寺町,2021,-25.842696629213485,大幅減少
池田３丁目,2013,-26.991993900114373,大幅減少
万町２丁目,2008,-27.586206896551722,大幅減少
京町本丁,2013,-29.333333333333332,大幅減少
魚屋町１丁目,2003,-30.434782608695656,大幅減少
春日３丁目,2011,-30.76923076923077,大幅減少
西阿弥陀寺町,2020,-31.007751937984494,大幅減少
楠２丁目,2014,-31.132075471698112,大幅減少
東町１丁目,2024,-31.717171717171716,大幅減少
春日３丁目,2009,-32.114882506527415,大幅減少
保田窪２丁目,2013,-35.65891472868217,大幅減少
田崎町,2017,-36.17021276595745,大幅減少
板屋町,2022,-37.5,大幅減少
田迎町大字田井島,2001,-40.0,大幅減少
魚屋町２丁目,2006,-40.0,大幅減少
飛田町,1999,-43.13725490196079,大幅減少
三郎１丁目,2013,-46.59357870007831,大幅減少
八島町,2006,-50.40650406504065,大幅減少
春日３丁目,2010,-55.00000000000001,大幅減少
下硯川町,2011,-58.54309687261632,大幅減少
横手３丁目,2013,-66.11842105263158,大幅減少
世安町,2022,-70.10309278350515,大幅減少
小島下町,2008,-72.04385277995301,大幅減少
平成１丁目,2013,-78.46410684474124,大幅減少
湖東１丁目,2013,-82.92682926829268,大幅減少
総数,2010,-83.50253807106598,大幅減少
小島上町,2008,-85.05154639175258,大幅減少
鶴羽田町,2010,-86.39303482587066,大幅減少
黒髪７丁目,2013,-87.48353096179183,大幅減少
近見町,2001,-90.16018306636155,大幅減少
東京塚町,2013,-90.72265625,大幅減少
小山町,2004,-91.41075604053,大幅減少
田迎町大字田井島,2000,-95.26184538653366,大幅減少
神水本町,2013,-95.29761904761904,大幅減少
江津２丁目,2013,-95.6479217603912,大幅減少
徳王町,2009,-95.79918032786885,大幅減少
戸島町,2003,-98.27044025157232,大幅減少
薄場町,2001,-98.30508474576271,大幅減少
