町丁名,総人口,男性,女性,0〜4歳,5〜9歳,10〜14歳,15〜19歳,20〜24歳,25〜29歳,30〜34歳,35〜39歳,40〜44歳,45〜49歳,50〜54歳,55〜59歳,60〜64歳,65〜69歳,70〜74歳,75〜79歳,80〜84歳,85〜89歳,90〜94歳,95〜99歳,100歳以上
会富町,620,296,324,19,28,36,25,26,21,46,38,40,35,39,38,69,39,41,32,18,14,8,7,1
秋津１丁目,795,380,415,36,51,46,38,54,47,44,66,60,65,53,47,44,28,35,31,23,14,7,5,1
秋津２丁目,1003,478,525,55,66,64,65,61,51,69,83,71,77,69,64,63,28,31,44,28,9,3,2,0
秋津３丁目,719,342,377,52,61,44,35,27,34,70,57,51,48,39,39,51,38,27,16,17,6,5,2,0
秋津新町,108,47,61,0,1,4,8,3,8,4,5,2,12,4,14,11,6,7,5,5,4,4,1,0
秋津町秋田,2498,1140,1358,65,136,160,214,184,120,112,136,145,206,211,202,171,110,105,80,64,36,27,10,4
秋津町沼山津,51,22,29,9,2,3,1,2,11,7,5,2,1,4,1,1,1,0,0,1,0,0,0,0
荒尾町,0,0,0,0,0,0,0,0,0,0,0,0,0,0,0,0,0,0,0,0,0,0,0,0
改寄町,1344,630,714,70,65,65,82,64,94,94,86,89,71,92,108,80,79,74,53,37,23,16,2,0
安政町,115,51,64,6,4,4,1,5,4,9,11,5,7,10,8,13,5,5,6,3,3,3,3,0
井川淵町,154,66,88,4,11,6,2,6,11,13,8,10,7,9,13,9,9,12,7,11,5,1,0,0
池亀町,690,350,340,20,18,14,39,60,30,30,39,26,45,47,61,76,54,44,33,26,17,10,1,0
池田１丁目,2790,1288,1502,115,141,184,161,131,133,149,194,198,236,196,194,187,127,107,139,109,53,27,7,2
池田２丁目,2592,1230,1362,83,131,138,130,150,139,145,155,172,141,162,182,181,175,144,151,124,60,21,8,0
池田３丁目,2666,1252,1414,77,86,120,123,167,138,124,130,160,149,167,183,216,200,175,195,143,74,29,7,3
池田４丁目,575,326,249,15,19,13,37,98,55,38,30,19,23,28,41,51,25,25,20,19,15,1,1,2
池上町,235,109,126,17,5,9,10,19,21,24,10,6,8,29,21,22,10,4,6,11,1,2,0,0
石原町,0,0,0,0,0,0,0,0,0,0,0,0,0,0,0,0,0,0,0,0,0,0,0,0
出水１丁目,1285,587,698,41,61,69,85,80,58,55,85,92,144,92,67,89,58,53,71,39,30,12,3,1
出水２丁目,610,270,340,17,37,31,38,23,18,35,39,41,41,51,60,52,30,19,21,29,20,6,2,0
出水３丁目,1342,603,739,54,66,84,72,63,82,95,94,108,90,98,107,63,66,52,52,49,31,14,2,0
出水４丁目,1515,713,802,74,67,90,100,78,99,84,98,120,132,107,77,96,78,64,64,44,30,11,1,1
出水５丁目,1900,905,995,63,95,126,94,94,84,119,114,157,105,139,138,140,99,83,99,84,52,13,2,0
出水６丁目,3581,1689,1892,208,197,212,190,188,244,299,280,249,202,244,240,238,191,141,124,79,28,22,3,2
出水７丁目,2543,1178,1365,100,86,104,115,139,136,139,152,129,155,160,151,190,185,207,152,132,69,25,15,2
出水８丁目,1859,849,1010,77,88,89,132,91,99,88,121,98,131,153,143,111,102,82,120,68,47,16,3,0
和泉町,370,187,183,10,15,18,21,25,17,19,22,14,18,26,32,38,20,20,20,23,10,1,1,0
板屋町,25,11,14,1,1,0,1,0,2,2,1,1,0,1,1,4,1,1,1,3,3,1,0,0
出仲間１丁目,666,315,351,37,35,34,37,44,40,58,46,39,51,61,57,43,20,22,14,11,14,3,0,0
出仲間２丁目,461,206,255,22,15,17,22,25,32,30,21,26,29,30,25,39,29,36,20,16,22,5,0,0
出仲間３丁目,774,387,387,82,54,45,41,45,79,87,79,49,46,44,48,24,21,10,4,9,3,4,0,0
出仲間４丁目,1235,590,645,98,90,84,65,40,58,115,118,99,81,58,48,62,73,75,37,19,8,5,2,0
出仲間５丁目,705,335,370,62,56,41,36,32,37,63,70,71,51,27,29,35,22,30,20,16,3,1,2,1
出仲間６丁目,990,472,518,52,47,71,68,58,65,85,66,71,78,62,84,62,25,34,34,19,7,1,1,0
出仲間７丁目,1069,483,586,63,73,68,65,53,58,66,89,75,72,76,69,57,57,31,39,36,15,4,2,1
出仲間８丁目,626,309,317,41,40,57,32,15,33,48,56,65,44,42,27,28,36,27,20,5,5,4,1,0
出仲間９丁目,257,115,142,29,11,11,11,27,46,39,25,16,10,6,10,9,6,0,0,1,0,0,0,0
今町,938,435,503,27,27,46,45,40,33,30,52,47,55,58,90,86,83,56,56,54,31,17,5,0
魚屋町１丁目,15,5,10,0,0,0,0,1,3,1,0,1,0,1,2,0,2,0,0,2,1,1,0,0
魚屋町２丁目,16,6,10,0,1,1,1,0,0,1,1,1,1,0,0,1,5,1,1,1,0,0,0,0
魚屋町３丁目,0,0,0,0,0,0,0,0,0,0,0,0,0,0,0,0,0,0,0,0,0,0,0,0
海路口町,274,135,139,16,24,18,10,14,23,24,21,27,19,12,11,16,7,10,10,8,2,1,1,0
薄場町,33,18,15,2,1,2,2,2,0,5,2,4,1,3,1,4,1,1,0,2,0,0,0,0
打越町,1787,874,913,64,81,99,85,96,116,105,125,109,104,107,146,147,117,92,82,62,35,7,6,2
内田町,1328,660,668,39,65,60,73,82,60,61,79,78,84,105,91,106,83,80,74,55,36,13,3,1
内坪井町,690,293,397,27,33,33,20,19,34,46,56,43,37,36,48,61,46,44,29,37,25,12,3,1
江越１丁目,836,403,433,76,61,43,36,36,72,79,125,84,68,46,22,32,15,10,12,13,5,1,0,0
江越２丁目,261,123,138,19,10,8,8,14,29,37,13,8,12,15,21,30,9,8,5,9,4,0,1,1
画図町大字上無田,10,5,5,0,0,0,0,3,0,0,0,0,2,2,0,0,2,0,0,0,1,0,0,0
画図町大字重富,1999,939,1060,114,109,87,132,119,104,110,130,101,135,161,160,173,117,94,67,46,21,15,4,0
画図町大字下江津,23,9,14,3,4,0,0,1,2,2,1,0,4,0,2,1,1,0,1,1,0,0,0,0
画図町大字下無田,985,468,517,36,36,42,59,52,36,43,63,47,57,54,96,94,67,65,53,37,29,12,7,0
画図町大字所島,700,325,375,35,40,42,36,39,31,31,54,46,34,53,75,48,40,24,23,21,18,6,4,0
江津１丁目,1411,644,767,58,57,71,64,70,68,74,108,95,100,108,85,101,92,82,77,62,24,9,6,0
江津２丁目,242,109,133,9,20,12,9,10,11,16,22,21,13,11,9,18,25,16,10,6,3,1,0,0
榎町,2163,1014,1149,66,95,143,131,119,109,121,148,134,139,161,163,156,137,120,113,64,28,16,0,0
大江１丁目,2074,973,1101,59,90,96,107,182,173,146,141,128,124,138,140,129,103,85,82,70,55,20,5,1
大江２丁目,1207,613,594,33,42,58,75,98,76,62,72,65,104,81,92,69,53,62,48,58,43,15,1,0
大江３丁目,1078,531,547,56,72,56,46,82,99,79,92,112,93,69,60,39,35,21,34,14,12,7,0,0
大江４丁目,1681,725,956,69,93,83,86,100,100,129,126,133,140,96,90,132,65,72,63,51,30,17,5,1
大江５丁目,872,392,480,23,24,22,50,60,58,40,59,67,66,48,72,64,56,60,44,28,20,10,1,0
大江６丁目,1332,585,747,70,71,72,71,71,92,103,117,113,88,78,66,70,73,48,49,42,24,12,2,0
大江本町,0,0,0,0,0,0,0,0,0,0,0,0,0,0,0,0,0,0,0,0,0,0,0,0
大窪１丁目,259,119,140,15,11,8,8,18,33,21,11,12,8,17,15,18,14,13,20,9,5,2,0,1
大窪２丁目,280,142,138,7,8,8,7,16,21,22,18,11,23,10,31,26,20,11,20,7,9,5,0,0
大窪３丁目,276,131,145,9,10,5,10,22,25,22,21,5,12,20,28,33,12,10,15,9,5,2,1,0
大窪４丁目,248,129,119,13,8,6,6,26,25,19,23,20,10,15,18,14,18,10,7,3,3,2,2,0
大窪５丁目,863,411,452,22,37,37,44,49,65,38,40,58,58,59,77,76,74,48,36,27,14,3,1,0
大鳥居町,238,115,123,4,11,4,16,22,9,10,11,11,15,19,21,17,11,13,18,19,5,0,2,0
岡田町,515,231,284,29,25,14,20,29,44,26,39,36,23,34,34,34,32,33,25,16,11,7,4,0
沖新町,2003,960,1043,71,92,108,100,114,100,81,90,134,154,141,119,150,117,130,135,86,49,22,9,1
奥古閑町,796,395,401,34,37,57,50,42,43,29,53,59,61,73,52,51,26,36,37,33,17,5,1,0
小島上町,118,57,61,4,2,5,8,6,4,6,6,12,2,10,5,14,11,5,6,5,4,2,1,0
小島下町,708,342,366,20,22,34,29,51,40,31,26,28,37,58,63,57,41,45,45,38,31,9,2,1
尾ノ上１丁目,1906,895,1011,65,85,88,100,93,140,118,139,119,145,146,150,145,95,91,70,70,33,7,6,1
尾ノ上２丁目,1747,852,895,98,106,129,119,120,116,101,124,137,164,159,128,69,52,52,38,20,13,0,2,0
尾ノ上３丁目,1359,605,754,70,65,76,82,88,93,96,80,103,111,109,81,76,57,44,41,50,24,9,4,0
尾ノ上４丁目,2339,1090,1249,126,115,162,126,125,189,170,221,187,181,130,140,128,107,73,56,52,30,15,6,0
帯山１丁目,2841,1296,1545,111,156,188,175,138,127,172,198,221,181,173,206,204,152,124,133,94,52,27,9,0
帯山２丁目,1610,756,854,71,100,122,105,109,100,95,120,135,123,109,98,72,71,52,45,53,21,7,1,1
帯山３丁目,2873,1358,1515,151,148,162,154,148,149,190,203,203,196,182,176,163,126,128,145,128,86,23,11,1
帯山４丁目,2821,1314,1507,117,144,159,145,162,140,183,168,216,172,192,185,159,146,145,163,134,54,19,15,3
帯山５丁目,2616,1231,1385,98,108,144,169,156,115,118,167,153,169,202,174,159,141,145,172,138,60,26,2,0
帯山６丁目,920,426,494,35,51,50,36,53,52,46,64,63,67,66,65,59,43,44,56,46,18,4,2,0
帯山７丁目,2369,1132,1237,135,117,113,125,152,181,210,179,165,138,163,164,152,110,82,72,54,34,18,2,3
帯山８丁目,533,264,269,27,18,28,26,34,35,54,47,44,50,31,41,31,23,11,14,11,4,3,1,0
帯山９丁目,807,374,433,49,35,50,49,58,48,60,66,59,62,67,61,41,34,24,22,16,2,2,2,0
小峯１丁目,538,253,285,21,26,29,28,19,31,44,30,33,35,24,44,45,43,22,23,19,16,4,2,0
小峯２丁目,1155,551,604,67,61,44,58,92,94,98,90,80,70,83,94,73,57,31,27,16,15,5,0,0
小峯３丁目,878,412,466,51,37,35,43,75,69,73,68,53,51,69,55,60,35,40,28,20,10,6,0,0
小峯４丁目,84,37,47,2,4,14,4,3,5,0,3,11,11,5,4,6,4,3,2,3,0,0,0,0
小山町,478,198,280,4,11,11,20,11,14,11,12,20,30,26,35,47,37,34,35,43,41,21,12,3
鹿帰瀬町,335,172,163,5,9,14,16,23,15,14,16,14,18,34,38,27,21,11,23,22,10,5,0,0
梶尾町,3377,1619,1758,116,168,235,198,165,190,174,215,219,237,240,270,218,187,154,162,132,63,27,6,1
鍛冶屋町,56,20,36,0,0,1,7,8,8,3,3,3,4,2,3,1,4,2,3,2,1,1,0,0
春日１丁目,901,396,505,43,39,41,31,47,56,56,77,74,53,64,69,62,56,43,29,37,17,5,2,0
春日２丁目,220,109,111,8,5,2,4,8,15,9,10,5,8,15,28,31,16,10,19,15,8,3,1,0
春日３丁目,117,47,70,1,0,5,3,3,7,5,7,7,7,9,10,10,15,11,7,5,3,1,1,0
春日４丁目,1275,602,673,38,58,45,55,64,75,81,83,70,69,82,88,87,105,77,62,64,46,19,5,2
春日５丁目,477,238,239,11,16,15,14,13,16,25,36,27,23,42,36,58,43,33,24,19,15,10,1,0
春日６丁目,314,134,180,2,6,9,12,10,11,5,14,20,9,20,29,20,27,28,38,26,18,7,3,0
春日７丁目,1651,797,854,105,94,70,60,95,104,129,144,89,94,91,109,102,99,76,70,68,31,19,2,0
春日８丁目,0,0,0,0,0,0,0,0,0,0,0,0,0,0,0,0,0,0,0,0,0,0,0,0
鹿子木町,1406,631,775,66,109,125,90,60,73,94,118,93,81,59,81,78,61,48,45,39,36,27,22,1
釜尾町,203,94,109,2,1,5,16,15,8,8,6,6,14,18,21,13,12,13,17,20,4,3,1,0
上鍛冶屋町,186,71,115,3,2,12,10,11,19,10,11,14,15,16,17,19,6,4,4,8,4,0,1,0
上京塚町,67,43,24,1,0,2,4,4,19,9,8,7,3,7,0,2,0,0,0,0,1,0,0,0
上熊本１丁目,1347,611,736,56,53,56,61,68,75,87,104,91,82,79,116,123,87,70,68,43,18,9,1,0
上熊本２丁目,720,339,381,45,44,38,44,38,37,64,58,71,43,50,63,29,24,23,10,23,10,5,1,0
上熊本３丁目,1732,777,955,96,85,89,100,156,112,104,131,90,106,144,133,120,91,60,44,41,17,10,3,0
上水前寺１丁目,410,195,215,22,12,6,14,25,41,49,37,22,9,23,28,42,26,19,9,13,8,4,1,0
上水前寺２丁目,858,401,457,40,35,35,36,51,51,53,45,53,58,72,64,62,62,44,43,28,18,7,1,0
上通町,209,100,109,7,3,3,8,8,11,13,9,7,10,15,25,23,20,16,9,13,3,5,1,0
上南部町,819,382,437,27,45,47,62,36,34,44,59,62,65,48,59,63,48,44,39,28,6,3,0,0
上林町,243,105,138,8,11,1,6,14,17,23,19,12,8,10,15,27,11,11,18,16,10,5,0,1
辛島町,732,341,391,55,75,47,30,36,60,35,77,55,48,35,40,47,27,13,19,21,10,1,1,0
川口町,2290,1102,1188,71,93,111,98,76,102,101,127,124,117,152,168,213,174,176,158,119,68,33,9,0
川尻１丁目,402,190,212,11,6,18,13,16,11,22,18,21,22,28,35,30,43,26,32,21,21,6,2,0
川尻２丁目,213,107,106,10,9,4,8,16,13,15,22,19,13,8,15,17,11,5,9,7,8,2,2,0
川尻３丁目,638,300,338,20,19,19,32,21,39,39,29,33,21,39,65,55,51,41,42,30,24,12,7,0
川尻４丁目,644,305,339,18,25,15,23,21,32,47,41,25,32,30,47,65,49,70,27,38,25,9,5,0
川尻５丁目,316,145,171,10,17,13,11,14,19,20,16,10,16,23,19,23,22,17,25,28,9,1,3,0
川尻６丁目,0,0,0,0,0,0,0,0,0,0,0,0,0,0,0,0,0,0,0,0,0,0,0,0
河内町大多尾,377,179,198,3,13,17,26,12,8,17,10,17,25,23,27,29,40,33,32,26,10,7,2,0
河内町面木,69,30,39,1,3,3,6,3,2,4,0,6,3,3,11,3,3,3,7,6,2,0,0,0
河内町河内,1610,758,852,35,53,65,67,70,70,76,70,69,106,105,125,156,106,107,124,112,59,24,9,2
河内町白浜,936,439,497,25,37,54,44,39,45,41,36,66,60,50,64,83,75,65,60,57,23,6,4,2
河内町岳,777,365,412,20,18,18,31,37,35,35,33,33,57,59,76,75,57,64,47,29,29,16,7,1
河内町東門寺,166,84,82,2,5,9,13,11,5,5,7,8,12,11,16,9,8,10,15,9,9,2,0,0
河内町野出,776,368,408,13,35,29,38,38,38,31,27,32,57,53,55,60,54,55,52,38,42,23,5,1
河内町船津,2054,980,1074,57,60,96,81,100,102,73,90,124,138,143,152,174,140,141,160,120,69,24,9,1
川端町,35,14,21,0,0,1,3,6,7,3,2,1,1,1,2,4,0,1,0,2,1,0,0,0
河原町,176,82,94,18,12,7,8,6,8,13,29,13,16,7,9,7,6,8,8,1,0,0,0,0
北迫町,186,91,95,6,7,8,12,7,6,17,4,10,15,7,15,17,8,15,15,12,5,0,0,0
北千反畑町,448,184,264,11,23,14,15,25,34,30,33,22,23,26,34,33,30,18,33,18,17,5,2,2
京塚本町,1711,785,926,73,75,56,68,85,85,106,108,106,98,102,122,150,127,96,77,73,64,30,9,1
京町１丁目,1297,574,723,52,40,69,56,57,73,83,94,96,104,82,104,99,80,58,60,46,26,15,3,0
京町２丁目,1444,619,825,57,48,67,68,76,86,82,98,93,108,87,105,111,69,79,84,73,36,10,7,0
京町本丁,1093,518,575,39,52,80,70,60,53,38,68,88,105,77,84,64,51,41,41,43,24,11,3,1
草葉町,528,223,305,21,33,19,19,34,47,37,59,37,36,41,32,28,26,11,29,9,6,4,0,0
楠１丁目,1432,581,851,53,85,53,54,54,31,74,99,54,72,73,91,121,120,154,104,73,46,13,6,2
楠２丁目,784,383,401,20,33,37,36,29,35,33,49,55,40,34,66,54,61,78,60,39,17,7,0,1
楠３丁目,397,160,237,15,8,11,6,15,13,25,13,16,13,16,30,39,35,39,51,25,18,7,2,0
楠４丁目,1032,479,553,17,46,52,58,48,32,36,73,52,53,61,80,108,99,80,73,42,15,7,0,0
楠５丁目,986,436,550,19,34,58,60,43,31,39,42,61,84,62,65,69,89,96,70,37,18,8,1,0
楠６丁目,549,280,269,35,48,35,28,19,32,43,48,41,36,29,25,38,25,30,13,14,5,3,2,0
楠７丁目,1260,588,672,44,79,74,69,80,55,73,72,105,101,93,75,62,77,88,65,27,12,6,3,0
楠８丁目,1110,542,568,52,74,100,87,47,43,60,84,124,78,64,58,64,63,45,28,19,11,8,1,0
楠野町,1140,538,602,51,56,48,58,57,84,50,74,54,73,86,87,102,87,55,53,33,22,8,2,0
九品寺１丁目,1214,563,651,41,27,35,40,84,138,116,92,80,64,68,90,101,63,58,44,36,23,11,2,1
九品寺２丁目,996,438,558,63,58,41,41,71,74,76,104,88,56,62,57,52,30,26,34,31,24,7,1,0
九品寺３丁目,1789,839,950,96,78,77,87,124,162,155,107,153,126,114,98,91,64,84,76,55,24,15,2,1
九品寺４丁目,591,251,340,10,11,10,22,40,51,51,33,29,42,32,37,44,37,44,33,27,19,13,6,0
九品寺５丁目,1436,658,778,69,61,67,48,84,114,100,97,94,114,86,96,119,73,83,52,45,20,13,1,0
九品寺６丁目,1023,460,563,72,65,69,64,50,53,79,87,97,86,67,52,54,45,23,26,18,12,4,0,0
黒髪１丁目,1222,562,660,43,52,61,61,108,74,62,78,96,67,72,74,63,73,74,70,50,34,7,2,1
黒髪２丁目,1520,724,796,40,36,36,76,213,113,99,83,79,63,71,85,115,96,73,70,68,58,29,15,2
黒髪３丁目,808,370,438,25,12,16,49,113,59,55,49,32,34,61,48,47,41,43,38,40,31,6,9,0
黒髪４丁目,1139,581,558,35,51,42,58,136,70,74,81,63,58,51,57,73,61,77,45,49,28,20,8,2
黒髪５丁目,1290,642,648,34,29,33,91,162,94,73,66,67,65,67,71,88,71,78,57,73,31,29,8,3
黒髪６丁目,1948,967,981,66,59,61,87,155,129,124,116,91,106,98,130,152,139,130,124,86,68,20,7,0
黒髪７丁目,764,369,395,27,30,30,51,83,54,50,44,49,42,41,52,54,33,43,40,18,17,5,1,0
黒髪８丁目,0,0,0,0,0,0,0,0,0,0,0,0,0,0,0,0,0,0,0,0,0,0,0,0
黒髪町大字坪井,0,0,0,0,0,0,0,0,0,0,0,0,0,0,0,0,0,0,0,0,0,0,0,0
神水１丁目,1873,801,1072,67,88,112,106,90,84,115,110,109,119,135,118,120,90,73,92,95,82,46,21,1
神水２丁目,752,354,398,32,32,42,29,50,48,56,75,53,55,56,46,56,34,25,26,17,11,8,1,0
神水本町,1675,774,901,47,93,100,97,72,69,88,119,132,149,120,109,112,99,88,71,58,27,20,4,1
慶徳堀町,18,5,13,0,0,0,0,2,1,2,2,3,0,0,0,0,1,3,2,1,0,1,0,0
健軍１丁目,1360,610,750,59,61,80,61,72,102,96,91,100,101,101,86,84,74,50,54,53,22,9,3,1
健軍２丁目,1115,518,597,47,49,73,115,83,68,91,81,96,76,68,68,58,36,39,30,25,9,1,2,0
健軍３丁目,2644,1236,1408,138,154,132,150,172,165,193,226,187,206,189,182,169,121,86,79,59,21,11,4,0
健軍４丁目,1800,822,978,90,63,75,79,104,108,145,128,128,124,127,111,125,101,95,81,59,38,12,4,3
健軍５丁目,187,88,99,13,10,6,7,7,12,11,13,10,13,12,11,14,11,10,8,13,5,1,0,0
健軍本町,12,9,3,0,0,0,0,0,0,0,1,0,0,2,2,3,1,0,0,1,0,1,1,0
小糸山町,374,183,191,23,25,20,22,20,31,25,37,32,27,22,25,18,17,13,7,5,3,1,1,0
幸田１丁目,495,240,255,28,23,20,30,30,32,28,29,26,40,34,34,33,32,24,25,14,7,4,2,0
幸田２丁目,755,351,404,77,57,45,35,38,46,77,68,62,50,30,41,34,19,27,25,15,5,2,2,0
紺屋阿弥陀寺町,20,11,9,0,0,0,1,1,2,1,2,0,1,0,2,1,1,3,1,4,0,0,0,0
紺屋今町,96,44,52,1,4,5,5,5,5,12,8,9,2,4,5,4,11,3,5,3,4,1,0,0
紺屋町１丁目,83,39,44,8,6,7,3,2,5,9,18,10,1,6,4,2,1,1,0,0,0,0,0,0
紺屋町２丁目,41,17,24,1,2,1,1,3,3,6,5,1,1,2,2,1,2,3,5,2,0,0,0,0
紺屋町３丁目,87,37,50,5,5,3,5,4,6,12,6,4,8,3,3,5,2,7,6,2,1,0,0,0
子飼本町,640,303,337,23,18,11,33,76,53,59,40,34,25,32,38,37,28,29,34,29,25,11,2,3
国府１丁目,1367,623,744,65,38,39,51,59,93,85,107,83,86,94,100,106,79,84,87,51,37,16,6,1
国府２丁目,1975,848,1127,96,83,100,107,98,101,98,132,103,123,139,114,151,125,108,110,101,60,23,3,0
国府３丁目,2982,1406,1576,115,149,177,182,188,182,184,243,220,247,213,199,209,135,110,90,78,39,14,7,1
国府４丁目,1219,560,659,46,50,56,70,65,71,72,87,85,97,93,94,82,44,47,63,47,31,14,5,0
国府本町,1301,616,685,64,61,78,72,65,89,74,72,93,83,88,95,107,68,68,57,34,19,8,5,1
小沢町,464,202,262,22,26,21,12,17,25,29,49,32,36,22,23,38,21,27,18,18,20,5,3,0
古城町,46,20,26,1,0,0,1,0,0,1,3,2,3,1,7,4,7,4,6,4,1,0,1,0
壺川１丁目,824,369,455,30,18,31,37,36,54,56,47,45,50,45,69,71,58,42,47,46,19,14,7,2
壺川２丁目,685,319,366,50,43,48,33,26,47,43,46,53,29,44,38,35,30,34,41,19,18,6,2,0
湖東１丁目,492,235,257,22,21,36,22,31,19,24,40,33,39,60,33,27,16,17,20,19,8,5,0,0
湖東２丁目,1115,511,604,20,38,43,51,70,69,53,55,54,53,73,78,97,85,81,76,62,37,15,5,0
湖東３丁目,833,387,446,30,33,32,31,38,38,47,45,56,60,60,62,57,52,45,60,49,25,10,1,2
琴平１丁目,795,373,422,25,38,28,21,51,46,66,51,48,39,37,48,55,49,53,63,37,24,12,4,0
琴平２丁目,963,459,504,53,64,54,42,50,52,78,81,65,61,51,77,67,49,45,25,27,14,7,0,1
琴平本町,1526,665,861,47,48,36,53,88,113,97,100,74,79,110,134,122,85,92,93,76,48,24,7,0
呉服町１丁目,84,34,50,1,3,1,7,3,2,11,4,6,6,2,4,3,10,8,5,3,2,3,0,0
呉服町２丁目,228,95,133,8,8,8,6,19,23,20,31,16,19,15,11,20,9,7,3,4,1,0,0,0
呉服町３丁目,133,66,67,8,8,9,5,8,4,4,13,9,10,8,7,7,15,6,5,4,3,0,0,0
米屋町１丁目,478,202,276,45,28,15,23,24,25,58,46,44,38,27,27,32,19,8,10,7,1,1,0,0
米屋町２丁目,253,104,149,8,6,15,15,11,14,16,13,21,19,26,20,20,13,18,8,6,2,2,0,0
米屋町３丁目,209,83,126,8,14,20,4,14,13,13,12,13,17,12,16,20,8,5,10,4,3,2,1,0
御領１丁目,1442,705,737,87,91,83,70,94,109,113,113,93,89,98,94,106,56,46,40,28,23,6,3,0
御領２丁目,1324,628,696,76,67,67,43,67,80,139,105,86,63,77,95,88,83,76,44,34,25,5,3,1
御領３丁目,1411,677,734,97,94,91,65,70,97,121,128,102,89,56,91,89,76,61,39,21,19,5,0,0
御領４丁目,293,134,159,13,19,22,22,18,9,19,18,19,27,20,26,13,13,11,11,8,3,2,0,0
御領５丁目,904,462,442,66,42,54,46,35,86,89,70,70,36,52,69,52,46,32,32,14,8,4,1,0
御領６丁目,343,179,164,29,13,15,15,20,47,44,40,25,17,16,13,20,8,10,6,3,0,2,0,0
御領７丁目,0,0,0,0,0,0,0,0,0,0,0,0,0,0,0,0,0,0,0,0,0,0,0,0
護藤町,1389,662,727,53,60,60,61,68,65,78,89,68,78,102,106,121,88,79,71,64,50,18,9,1
細工町１丁目,114,46,68,4,4,7,5,12,13,7,3,11,8,7,1,6,5,7,9,4,1,0,0,0
細工町２丁目,52,28,24,3,3,4,1,0,4,3,3,2,3,4,7,1,5,2,1,6,0,0,0,0
細工町３丁目,155,54,101,3,4,6,11,12,7,6,9,9,13,10,10,12,9,16,4,8,4,2,0,0
細工町４丁目,219,91,128,11,10,7,8,7,19,10,19,17,16,8,20,26,11,10,6,6,5,1,2,0
細工町５丁目,43,19,24,5,0,1,1,0,1,9,4,5,1,1,2,3,5,2,0,2,0,0,1,0
栄町,582,262,320,28,29,32,36,22,21,28,47,35,42,37,33,34,35,28,31,31,23,7,3,0
桜木１丁目,899,426,473,51,57,72,53,36,61,61,78,86,57,47,44,48,41,38,31,18,16,4,0,0
桜木２丁目,733,348,385,34,48,44,37,34,37,51,60,59,38,43,49,40,45,45,26,27,9,7,0,0
桜木３丁目,883,435,448,56,51,67,49,35,49,65,71,63,66,62,55,47,40,30,32,28,10,4,2,1
桜木４丁目,1420,701,719,93,87,69,96,106,83,114,102,106,99,103,104,82,42,51,45,26,7,1,3,1
桜木５丁目,777,359,418,52,57,46,50,39,45,47,75,72,47,51,35,42,38,33,27,10,7,4,0,0
桜木６丁目,35,18,17,1,2,0,1,1,1,1,2,2,3,2,2,1,1,5,5,3,1,1,0,0
桜町,263,114,149,5,3,9,9,21,20,18,21,16,12,21,21,21,19,15,15,8,6,1,2,0
佐土原１丁目,1705,805,900,79,71,113,143,113,96,85,100,127,171,143,125,114,75,56,36,30,21,5,2,0
佐土原２丁目,302,142,160,16,16,19,30,12,7,19,16,19,29,16,17,29,17,15,6,9,4,5,1,0
佐土原３丁目,130,62,68,10,9,5,4,8,6,11,9,4,9,7,13,10,7,8,5,1,2,0,1,1
三郎１丁目,1292,601,691,51,47,63,69,74,101,73,91,66,73,99,116,97,67,71,44,51,25,13,1,0
三郎２丁目,843,387,456,32,42,38,32,27,35,49,52,47,47,48,48,59,56,58,78,65,25,4,1,0
島崎１丁目,2736,1238,1498,147,140,129,134,157,198,212,211,206,202,158,164,141,149,111,126,82,38,22,8,1
島崎２丁目,2689,1229,1460,131,150,130,130,151,177,183,215,185,171,148,201,186,149,116,114,66,55,22,8,1
島崎３丁目,1301,607,694,54,49,63,49,60,63,68,77,76,82,73,105,116,95,68,63,71,36,24,8,1
島崎４丁目,1016,475,541,31,61,71,53,43,45,68,85,70,71,59,83,71,33,49,49,29,29,12,3,1
島崎５丁目,1767,809,958,61,66,81,79,92,93,100,101,95,105,129,156,160,109,99,86,93,42,14,4,2
島崎６丁目,1872,794,1078,85,77,91,86,86,111,129,118,89,92,107,130,153,130,92,93,88,63,36,12,4
島崎７丁目,662,316,346,22,19,28,35,32,30,35,39,23,47,48,75,89,39,44,26,18,9,3,1,0
清水亀井町,1092,488,604,69,76,131,94,33,50,67,87,93,59,45,53,58,46,46,38,28,13,5,0,1
清水東町,1320,617,703,72,57,64,33,70,100,113,100,72,65,84,57,89,78,82,74,59,29,17,4,1
清水本町,1521,723,798,75,78,70,71,55,89,123,111,98,105,93,102,115,77,73,71,60,35,13,3,4
清水町大字打越,0,0,0,0,0,0,0,0,0,0,0,0,0,0,0,0,0,0,0,0,0,0,0,0
清水町大字松崎,0,0,0,0,0,0,0,0,0,0,0,0,0,0,0,0,0,0,0,0,0,0,0,0
清水町大字室園,16,9,7,3,2,0,0,0,1,2,5,0,0,0,1,1,1,0,0,0,0,0,0,0
清水万石１丁目,849,389,460,39,31,44,45,33,53,77,58,50,51,41,56,73,59,56,42,19,16,5,0,1
清水万石２丁目,188,84,104,9,7,6,12,10,9,6,17,9,11,11,8,15,13,18,6,11,6,3,1,0
清水万石３丁目,558,260,298,15,25,27,28,25,17,42,27,36,34,30,38,56,38,42,34,28,12,4,0,0
清水万石４丁目,1070,481,589,55,62,63,41,41,51,64,77,66,62,53,67,80,88,71,49,41,28,6,3,2
清水万石５丁目,438,235,203,71,50,22,13,12,45,74,68,37,20,9,4,2,5,1,2,3,0,0,0,0
下硯川町,2622,1265,1357,169,116,147,145,178,213,209,179,181,166,180,195,170,118,97,60,47,32,13,6,1
下通１丁目,166,77,89,3,3,7,5,7,6,11,12,8,9,12,10,11,20,11,14,9,6,1,1,0
下通２丁目,278,128,150,12,1,4,8,15,22,17,20,13,10,29,21,22,13,16,21,9,16,3,6,0
下南部１丁目,358,174,184,28,7,12,5,14,40,41,30,29,10,11,16,31,28,21,16,8,9,2,0,0
下南部２丁目,1613,781,832,97,117,89,71,95,125,135,123,91,93,101,104,102,78,76,52,34,24,3,2,1
下南部３丁目,0,0,0,0,0,0,0,0,0,0,0,0,0,0,0,0,0,0,0,0,0,0,0,0
十禅寺１丁目,575,283,292,40,24,37,31,24,33,49,68,37,36,26,32,40,27,18,27,15,7,3,1,0
十禅寺２丁目,675,333,342,36,34,29,23,31,35,57,56,51,41,28,50,42,48,34,43,22,9,6,0,0
十禅寺３丁目,0,0,0,0,0,0,0,0,0,0,0,0,0,0,0,0,0,0,0,0,0,0,0,0
城山上代町,153,65,88,2,3,7,6,6,4,5,7,3,4,8,11,4,11,13,12,12,16,15,3,1
城東町,997,472,525,21,25,42,50,39,33,42,47,42,62,61,98,94,75,67,73,66,37,17,4,2
昭和町,0,0,0,0,0,0,0,0,0,0,0,0,0,0,0,0,0,0,0,0,0,0,0,0
白石町,357,164,193,13,13,18,15,23,15,17,18,18,18,25,26,32,30,23,17,22,6,5,2,1
新大江１丁目,1617,741,876,65,77,86,117,122,82,96,103,101,127,122,126,118,83,56,55,43,26,11,1,0
新大江２丁目,1496,693,803,60,73,75,80,100,102,80,123,103,119,105,89,90,71,66,60,59,29,7,5,0
新大江３丁目,1960,910,1050,61,78,115,134,141,127,99,122,118,154,144,151,157,75,84,82,59,38,16,3,2
新鍛冶屋町,0,0,0,0,0,0,0,0,0,0,0,0,0,0,0,0,0,0,0,0,0,0,0,0
新港１丁目,0,0,0,0,0,0,0,0,0,0,0,0,0,0,0,0,0,0,0,0,0,0,0,0
新市街,145,72,73,6,3,1,7,11,15,14,5,4,10,10,11,12,6,10,8,8,4,0,0,0
新生１丁目,1373,628,745,52,38,70,68,80,82,84,105,96,89,87,90,101,69,70,65,62,36,23,6,0
新生２丁目,757,372,385,25,29,24,31,28,36,38,51,41,44,50,71,83,46,37,37,40,29,12,5,0
新土河原１丁目,834,401,433,59,47,42,30,43,60,77,72,64,44,45,68,47,44,34,29,22,3,4,0,0
新土河原２丁目,751,362,389,77,32,23,19,41,63,82,88,44,43,28,38,51,41,33,25,11,9,2,0,1
新南部１丁目,229,114,115,6,10,5,4,11,16,22,13,17,8,15,17,17,27,15,16,6,3,1,0,0
新南部２丁目,609,283,326,27,22,27,27,40,32,45,28,42,36,31,53,45,22,32,34,29,24,12,1,0
新南部３丁目,1151,580,571,50,66,56,58,78,110,98,97,60,63,74,74,69,54,46,38,26,19,7,7,1
新南部４丁目,385,187,198,17,13,12,17,29,34,33,26,20,22,32,34,23,15,23,17,9,6,2,1,0
新南部５丁目,1252,600,652,55,66,95,105,70,57,79,96,111,123,98,77,69,34,37,28,31,15,4,2,0
新南部６丁目,0,0,0,0,0,0,0,0,0,0,0,0,0,0,0,0,0,0,0,0,0,0,0,0
新外１丁目,435,211,224,24,19,17,21,38,44,39,42,29,25,31,22,19,22,13,15,8,6,1,0,0
新外２丁目,376,192,184,22,11,20,21,33,22,20,29,19,25,28,31,33,15,16,15,6,5,4,1,0
新外３丁目,1072,502,570,62,45,47,66,49,86,78,88,72,79,76,78,63,51,39,45,29,13,6,0,0
新外４丁目,523,259,264,22,27,31,28,32,36,41,42,40,26,40,30,36,31,24,16,12,6,1,2,0
新町１丁目,1566,677,889,84,67,67,71,78,107,131,132,121,114,101,123,128,68,49,51,41,23,9,1,0
新町２丁目,832,353,479,32,27,29,36,40,71,74,65,58,52,50,51,56,51,36,50,29,16,6,2,1
新町３丁目,1555,690,865,50,78,80,93,91,89,90,125,117,126,106,86,116,85,70,67,49,21,11,4,1
新町４丁目,1387,614,773,39,55,46,40,111,134,125,115,68,86,78,95,96,78,59,60,48,36,13,3,2
新屋敷１丁目,1583,660,923,81,98,121,71,94,81,92,153,177,139,117,89,49,57,41,50,36,25,9,2,1
新屋敷２丁目,1270,577,693,39,49,55,74,126,71,75,78,66,99,83,94,75,64,64,52,59,24,14,8,1
新屋敷３丁目,818,367,451,34,36,32,32,64,60,66,70,57,49,53,43,51,45,36,38,28,16,6,1,1
水源１丁目,762,327,435,24,26,27,30,25,49,30,34,35,33,45,63,76,68,58,56,38,31,12,2,0
水源２丁目,439,196,243,12,18,13,12,27,22,25,24,21,18,29,43,35,39,24,22,29,18,4,4,0
水前寺１丁目,3008,1306,1702,164,134,133,120,152,232,241,298,242,214,210,164,205,139,116,92,89,40,14,8,1
水前寺２丁目,1429,633,796,55,53,56,55,80,106,104,130,93,102,93,109,96,65,56,73,53,27,16,3,4
水前寺３丁目,2940,1331,1609,103,125,138,152,192,192,186,235,208,217,256,173,196,129,133,129,96,58,16,5,1
水前寺４丁目,2009,909,1100,97,77,98,87,85,108,140,146,119,130,150,131,142,124,81,106,89,61,26,10,2
水前寺５丁目,1240,561,679,46,43,48,55,71,78,94,80,95,105,74,84,83,70,63,58,46,25,16,3,3
水前寺６丁目,1356,664,692,71,50,44,41,54,115,124,117,83,79,75,96,99,73,60,63,55,26,23,6,2
水前寺公園,2575,1128,1447,127,133,141,137,123,133,183,207,204,194,146,163,155,125,103,111,99,60,24,4,3
水道町,917,379,538,43,35,35,38,31,50,73,89,91,58,59,66,76,55,38,31,26,19,3,1,0
菅原町,793,356,437,22,27,31,28,49,73,54,54,49,40,47,49,70,56,55,32,36,13,7,1,0
硯川町,640,300,340,26,30,39,26,26,36,23,40,34,33,31,50,63,44,50,34,28,24,1,1,1
砂原町,1378,634,744,50,58,64,81,89,74,84,91,81,78,84,131,124,78,66,64,43,24,11,3,0
銭塘町,1070,476,594,34,55,52,49,50,47,54,49,59,60,85,89,80,73,58,63,64,29,14,4,2
船場町２丁目,126,53,73,3,3,2,2,22,15,13,12,13,13,7,3,5,4,3,2,2,1,1,0,0
船場町３丁目,201,94,107,1,11,10,5,23,11,14,11,13,30,10,15,9,14,4,9,3,5,3,0,0
船場町下１丁目,321,147,174,16,13,16,12,17,15,9,14,21,12,24,22,21,26,23,19,19,17,4,1,0
高平１丁目,1692,789,903,64,87,80,92,73,75,78,118,107,117,101,120,155,119,102,95,67,28,9,4,1
高平２丁目,1295,599,696,63,56,66,61,87,72,101,84,70,79,79,83,114,90,63,61,39,21,6,0,0
高平３丁目,1649,778,871,74,76,74,93,84,103,96,125,75,132,98,115,130,120,78,77,53,31,9,6,0
田崎１丁目,725,343,382,37,28,31,39,48,60,53,37,57,46,47,51,46,34,38,32,22,10,6,2,1
田崎２丁目,1000,432,568,42,33,54,38,50,60,65,73,57,49,62,70,89,89,57,60,31,16,3,2,0
田崎３丁目,1402,568,834,40,52,67,62,53,65,61,78,84,74,83,107,128,131,118,101,64,21,11,1,1
田崎本町,616,275,341,22,13,21,25,28,55,40,38,38,42,46,41,39,38,36,36,36,11,8,3,0
田崎町,0,0,0,0,0,0,0,0,0,0,0,0,0,0,0,0,0,0,0,0,0,0,0,0
龍田町弓削,305,156,149,23,24,15,10,20,15,40,30,15,13,18,19,26,11,7,8,6,3,2,0,0
谷尾崎町,1400,648,752,47,56,53,63,49,49,72,86,77,75,85,93,121,133,112,95,69,42,16,6,1
段山本町,198,87,111,8,7,5,3,8,11,9,14,12,12,14,20,22,13,5,12,9,7,4,3,0
田迎１丁目,550,260,290,45,37,24,29,31,19,56,50,50,32,35,25,26,22,26,21,9,10,2,1,0
田迎２丁目,879,434,445,91,65,45,48,58,69,97,73,68,57,45,47,23,32,18,17,14,8,3,1,0
田迎３丁目,776,386,390,63,40,49,37,39,50,85,61,61,46,51,48,55,26,26,16,13,7,2,0,1
田迎４丁目,483,245,238,21,25,39,26,27,32,28,51,35,47,38,28,22,25,14,5,12,5,1,2,0
田迎５丁目,559,268,291,34,30,41,28,34,42,55,48,56,31,36,31,27,22,19,12,8,3,1,1,0
田迎６丁目,0,0,0,0,0,0,0,0,0,0,0,0,0,0,0,0,0,0,0,0,0,0,0,0
田迎町大字田井島,47,21,26,2,1,2,1,6,5,3,4,1,2,2,8,2,3,2,0,1,0,0,2,0
田迎町大字良町,0,0,0,0,0,0,0,0,0,0,0,0,0,0,0,0,0,0,0,0,0,0,0,0
太郎迫町,283,120,163,3,12,17,27,13,4,8,14,20,22,12,7,35,20,24,14,12,8,8,1,2
近見１丁目,1069,493,576,41,56,59,41,42,67,70,95,75,60,63,53,80,75,65,58,34,21,9,5,0
近見２丁目,1101,515,586,57,54,53,49,54,59,81,87,76,68,54,66,74,53,62,58,53,25,15,3,0
近見３丁目,1047,507,540,39,68,66,60,66,75,90,68,77,74,69,61,56,45,41,36,28,19,8,1,0
近見４丁目,731,356,375,56,50,55,37,29,53,72,77,48,51,42,37,39,20,19,25,12,8,0,1,0
近見５丁目,0,0,0,0,0,0,0,0,0,0,0,0,0,0,0,0,0,0,0,0,0,0,0,0
近見６丁目,1545,726,819,96,84,83,94,93,104,113,113,111,110,97,114,93,67,52,48,39,23,9,1,1
近見７丁目,533,250,283,51,34,24,20,24,40,64,59,50,29,34,29,19,24,15,13,2,1,0,1,0
近見８丁目,1765,841,924,144,174,128,85,85,124,206,218,148,98,63,78,63,50,47,33,12,7,2,0,0
近見９丁目,63,27,36,4,4,5,1,1,7,11,8,8,4,1,0,2,4,2,1,0,0,0,0,0
近見町,106,41,65,4,3,11,7,4,2,8,11,9,3,5,5,14,7,6,1,1,1,3,0,1
千葉城町,155,67,88,11,11,10,3,5,13,13,12,11,10,8,12,9,9,6,5,4,2,1,0,0
中央街,362,196,166,14,11,6,7,22,39,39,36,22,34,23,32,28,10,12,9,8,4,6,0,0
月出１丁目,1630,806,824,120,119,71,81,112,113,154,171,138,108,94,88,60,65,47,42,25,15,6,1,0
月出２丁目,1829,875,954,78,102,118,137,126,122,117,123,152,189,170,127,97,62,35,30,18,18,4,3,1
月出３丁目,523,254,269,12,16,22,37,30,44,28,36,31,34,47,51,47,26,22,21,15,3,1,0,0
月出４丁目,1727,828,899,113,76,70,95,125,169,154,107,99,139,148,127,103,58,54,37,34,11,8,0,0
月出５丁目,604,302,302,23,57,32,31,29,34,38,48,46,46,48,33,44,26,23,25,14,4,2,1,0
月出６丁目,1489,687,802,58,74,117,138,97,102,93,106,94,104,113,117,87,50,50,44,20,18,5,2,0
月出７丁目,708,347,361,38,27,35,45,62,64,56,48,50,58,64,53,41,20,9,15,12,8,2,1,0
月出８丁目,354,167,187,10,14,17,18,18,31,25,28,20,32,21,34,22,20,19,11,10,3,1,0,0
津浦町,2010,994,1016,94,111,103,91,97,118,123,142,142,104,118,165,151,109,115,114,57,35,15,6,0
坪井１丁目,889,394,495,36,31,33,28,62,99,97,80,70,51,48,40,40,38,42,41,29,13,10,1,0
坪井２丁目,713,305,408,14,22,28,31,37,51,39,44,50,59,52,52,59,42,31,44,32,13,8,4,1
坪井３丁目,848,368,480,28,20,23,35,55,49,47,53,34,52,56,62,66,54,48,57,59,36,7,6,1
坪井４丁目,774,371,403,13,13,25,22,53,65,54,54,33,37,49,70,55,51,41,48,39,27,16,9,0
坪井５丁目,890,416,474,32,26,25,38,45,49,55,53,51,43,52,72,81,65,59,53,56,21,12,2,0
坪井６丁目,79,30,49,4,3,6,4,5,12,5,2,3,2,3,9,7,7,3,2,1,0,0,1,0
鶴羽田町,547,268,279,51,27,33,29,31,46,45,43,36,37,34,24,34,16,15,17,14,11,4,0,0
手取本町,37,15,22,0,0,1,1,2,0,3,3,2,2,4,4,5,4,2,1,2,0,1,0,0
出町,1016,455,561,52,53,53,47,39,47,85,82,85,69,57,64,67,55,48,41,37,18,11,5,1
通町,56,32,24,2,1,0,1,13,9,4,9,2,4,3,0,3,1,1,2,0,1,0,0,0
土河原町,875,429,446,78,96,71,62,21,19,68,92,111,70,42,28,31,30,18,16,13,8,0,1,0
徳王町,83,44,39,3,3,2,6,9,3,2,8,4,5,5,7,7,3,8,3,3,2,0,0,0
戸坂町,909,420,489,54,45,50,52,50,51,65,64,53,33,72,69,60,46,38,45,31,22,7,2,0
戸島町,533,264,269,23,30,25,22,30,30,45,30,27,35,26,40,23,36,34,27,27,12,9,2,0
渡鹿１丁目,1220,599,621,71,76,98,72,65,56,69,114,104,106,106,79,52,36,30,34,20,27,3,2,0
渡鹿２丁目,417,184,233,16,7,14,22,38,28,20,6,28,27,39,24,24,23,19,26,31,15,7,1,2
渡鹿３丁目,956,453,503,27,37,47,55,96,60,55,46,66,46,60,65,71,45,52,53,50,17,4,4,0
渡鹿４丁目,796,389,407,24,29,36,45,64,50,49,50,58,53,51,58,48,41,41,47,26,19,5,1,1
渡鹿５丁目,1065,514,551,25,36,47,74,123,91,63,48,46,50,68,81,83,39,51,68,40,23,6,3,0
渡鹿６丁目,1418,731,687,56,54,68,74,127,106,85,111,111,74,118,85,111,53,54,35,50,29,12,3,2
渡鹿７丁目,1062,579,483,48,38,46,56,76,100,72,85,87,73,57,71,70,51,43,41,26,18,3,0,1
渡鹿８丁目,913,497,416,28,34,50,55,89,79,64,68,55,65,71,55,33,50,36,32,33,8,7,1,0
渡鹿９丁目,100,50,50,1,5,2,3,15,11,8,7,5,3,3,10,8,4,5,4,6,0,0,0,0
中江町,49,27,22,3,1,1,2,1,0,3,10,4,5,3,3,3,5,2,1,2,0,0,0,0
中島町,942,438,504,16,33,38,50,42,40,39,55,63,62,62,78,73,68,62,54,51,39,12,4,1
中唐人町,188,86,102,9,3,9,10,9,10,10,13,8,16,21,12,12,11,10,13,8,3,1,0,0
中原町,1050,479,571,41,55,50,58,33,52,60,68,48,72,74,68,77,86,61,68,40,22,10,6,1
長嶺西１丁目,1475,703,772,79,76,70,93,83,122,120,106,73,96,108,137,119,68,52,25,29,10,7,2,0
長嶺西２丁目,1495,713,782,49,63,73,84,92,106,84,112,111,87,104,119,122,92,83,47,31,24,9,3,0
長嶺西３丁目,245,119,126,24,11,6,7,15,17,19,24,10,8,18,25,17,8,9,13,8,3,1,0,2
長嶺東１丁目,1367,619,748,95,90,81,83,94,99,116,109,82,95,107,89,94,34,28,30,24,13,2,2,0
長嶺東２丁目,2317,1113,1204,85,126,130,142,146,149,136,140,127,128,203,214,244,118,83,67,46,23,4,6,0
長嶺東３丁目,900,425,475,53,74,71,53,64,59,65,82,59,65,67,62,34,19,19,16,13,16,7,0,2
長嶺東４丁目,1137,557,580,69,71,74,73,66,64,95,86,90,84,73,72,72,42,42,30,16,12,5,1,0
長嶺東５丁目,2558,1271,1287,180,184,156,139,146,183,213,238,156,156,169,197,134,109,58,70,44,18,7,1,0
長嶺東６丁目,1548,753,795,137,82,78,69,80,109,133,137,106,90,75,80,79,78,80,67,35,24,7,2,0
長嶺東７丁目,462,242,220,39,23,20,19,38,30,45,52,23,28,37,36,21,16,10,12,7,6,0,0,0
長嶺東８丁目,11,9,2,0,0,0,0,0,0,0,0,0,0,3,2,3,2,1,0,0,0,0,0,0
長嶺南１丁目,1273,608,665,69,51,65,79,93,117,114,106,87,76,63,93,76,52,57,35,22,11,5,2,0
長嶺南２丁目,755,363,392,53,33,24,30,51,75,71,66,48,37,34,48,56,44,30,33,14,6,2,0,0
長嶺南３丁目,2676,1243,1433,211,175,164,156,117,130,247,267,209,183,155,199,155,103,77,60,45,15,7,1,0
長嶺南４丁目,1650,772,878,62,77,84,99,94,92,105,117,131,120,124,139,118,100,56,59,39,16,7,10,1
長嶺南５丁目,663,320,343,40,28,29,31,43,53,66,56,40,39,40,52,49,32,21,17,20,1,5,1,0
長嶺南６丁目,2257,1106,1151,140,153,142,100,136,162,180,241,137,137,162,160,142,64,55,62,48,25,11,0,0
長嶺南７丁目,1769,872,897,108,130,123,121,107,116,127,158,122,131,124,116,114,55,39,33,26,14,4,1,0
長嶺南８丁目,806,377,429,65,57,51,51,53,66,77,72,47,63,63,48,50,11,12,11,5,3,1,0,0
中無田町,525,243,282,18,12,9,29,35,25,34,18,14,29,46,39,48,37,24,46,26,25,7,4,0
並建町,791,368,423,35,36,23,38,41,33,54,49,23,42,57,56,64,59,54,42,38,28,16,3,0
西阿弥陀寺町,194,78,116,10,10,11,8,3,12,12,15,10,15,11,17,11,14,13,7,6,5,2,1,1
西梶尾町,1681,820,861,104,122,117,95,92,98,133,161,124,102,110,102,103,64,52,46,26,19,8,1,2
錦ケ丘,1478,695,783,99,97,86,75,81,87,113,140,147,95,113,72,85,67,39,42,24,8,6,2,0
西子飼町,323,136,187,5,6,7,6,22,19,20,10,17,13,18,29,25,22,29,23,25,20,2,5,0
西唐人町,49,18,31,1,1,2,1,2,3,2,7,2,1,4,3,4,6,4,1,2,1,0,1,1
西原１丁目,957,446,511,59,52,46,58,47,53,71,83,63,69,57,59,50,32,53,55,28,11,9,2,0
西原２丁目,1004,474,530,53,37,52,41,46,40,54,60,60,58,51,70,54,61,69,89,68,28,10,3,0
西原３丁目,1010,427,583,33,57,74,68,38,38,67,74,78,51,50,42,86,76,63,45,40,20,10,0,0
二の丸,0,0,0,0,0,0,0,0,0,0,0,0,0,0,0,0,0,0,0,0,0,0,0,0
二本木１丁目,204,96,108,6,4,2,6,8,9,10,8,7,8,16,9,29,18,21,16,12,8,4,2,1
二本木２丁目,661,285,376,17,13,18,23,41,38,40,33,45,32,31,50,46,58,41,45,43,32,12,3,0
二本木３丁目,726,340,386,50,22,28,25,19,53,58,41,34,30,39,57,67,48,37,41,40,22,14,1,0
二本木４丁目,808,367,441,29,25,31,29,35,40,40,53,36,44,44,54,78,50,61,63,52,21,19,3,1
二本木５丁目,873,405,468,35,41,38,45,35,51,51,58,54,57,50,69,76,71,69,45,18,8,2,0,0
沼山津１丁目,1118,523,595,71,60,42,58,45,88,97,80,68,67,70,71,90,60,45,49,35,17,3,2,0
沼山津２丁目,1052,488,564,63,44,32,61,54,77,66,78,49,62,86,88,83,55,48,38,29,26,10,2,1
沼山津３丁目,1096,523,573,38,46,51,49,63,65,69,66,54,65,87,96,69,52,73,51,52,33,12,5,0
沼山津４丁目,564,265,299,34,25,30,28,29,38,49,42,37,40,31,31,33,30,24,30,17,12,3,1,0
野口町,0,0,0,0,0,0,0,0,0,0,0,0,0,0,0,0,0,0,0,0,0,0,0,0
野田１丁目,245,111,134,20,18,11,4,4,19,17,24,16,9,10,20,19,22,12,8,4,6,1,1,0
野田２丁目,762,364,398,44,32,28,26,34,43,58,48,36,35,54,69,55,41,44,43,45,19,5,3,0
野田３丁目,0,0,0,0,0,0,0,0,0,0,0,0,0,0,0,0,0,0,0,0,0,0,0,0
野中１丁目,677,321,356,37,33,43,46,30,40,52,32,46,59,37,43,34,31,36,39,23,7,6,2,1
野中２丁目,698,343,355,33,34,24,34,39,38,61,51,49,45,35,64,39,29,44,34,25,14,4,2,0
野中３丁目,395,180,215,42,20,16,15,23,38,57,22,30,19,18,16,24,21,12,12,6,3,1,0,0
乗越ヶ丘,0,0,0,0,0,0,0,0,0,0,0,0,0,0,0,0,0,0,0,0,0,0,0,0
萩原町,3211,1435,1776,187,140,144,178,144,198,239,217,200,239,201,245,295,178,130,130,71,45,21,8,1
白山１丁目,389,174,215,21,19,24,22,23,23,27,30,38,29,19,32,15,13,19,15,9,8,3,0,0
白山２丁目,591,253,338,19,12,20,17,53,60,55,27,35,42,35,39,35,30,33,33,26,12,4,3,1
白山３丁目,365,171,194,5,12,14,17,25,31,32,27,30,20,25,24,28,21,12,11,18,9,4,0,0
八景水谷１丁目,1134,531,603,45,47,41,41,46,79,55,73,76,61,71,81,83,79,84,72,51,35,11,3,0
八景水谷２丁目,3519,2284,1235,183,182,147,249,726,457,245,196,214,191,154,105,105,89,88,78,66,28,11,5,0
八景水谷３丁目,1443,655,788,53,60,55,65,72,87,99,80,74,88,93,124,104,82,100,97,67,29,11,3,0
八景水谷４丁目,880,421,459,64,39,59,39,57,64,57,79,75,62,54,48,50,43,37,20,17,8,5,3,0
畠口町,762,370,392,44,28,22,32,45,43,37,35,30,34,72,67,70,36,45,52,39,22,8,1,0
八王寺町,4261,2003,2258,275,192,185,202,219,393,434,386,307,267,241,277,269,202,151,105,74,45,31,5,1
八反田１丁目,784,376,408,54,22,28,32,33,56,76,58,54,50,35,51,54,64,42,35,21,13,5,1,0
八反田２丁目,1615,793,822,65,84,101,93,83,85,120,127,121,108,122,127,105,101,66,45,29,15,12,5,1
八反田３丁目,1548,741,807,88,98,89,98,103,96,89,118,106,98,122,116,94,70,47,54,33,19,8,1,1
花園１丁目,745,368,377,40,29,25,26,47,69,56,54,52,33,50,56,50,37,39,35,25,15,4,3,0
花園２丁目,579,240,339,18,15,14,22,48,43,33,23,40,18,31,45,52,34,43,34,29,27,8,0,2
花園３丁目,1607,749,858,83,51,56,60,75,86,132,104,105,81,102,123,121,119,103,80,64,38,19,5,0
花園４丁目,649,307,342,29,28,32,20,37,41,36,49,36,29,34,55,65,48,39,25,23,11,7,5,0
花園５丁目,2447,1138,1309,110,102,117,133,201,126,168,165,147,124,141,191,172,155,124,92,100,45,25,9,0
花園６丁目,2107,1002,1105,56,72,117,124,106,98,108,107,103,124,129,176,164,166,133,132,101,53,30,8,0
花園７丁目,3066,1438,1628,89,83,107,118,158,146,171,174,170,158,169,248,294,243,222,244,126,90,33,18,5
花立１丁目,454,212,242,21,27,26,21,21,27,35,23,32,41,28,30,24,14,21,25,22,10,5,1,0
花立２丁目,912,442,470,43,45,43,57,43,70,76,70,57,59,51,62,58,42,39,42,37,12,4,1,1
花立３丁目,1283,606,677,54,78,83,57,63,99,97,79,75,79,76,101,78,53,59,64,48,25,13,2,0
花立４丁目,688,352,336,42,39,35,28,39,54,67,67,47,33,36,47,37,27,30,31,13,10,6,0,0
花立５丁目,1645,793,852,83,79,123,129,84,76,105,108,133,129,123,108,91,69,80,61,42,19,2,1,0
花立６丁目,1720,830,890,93,102,112,91,94,100,115,146,111,112,111,121,105,96,71,68,41,25,5,1,0
花畑町,59,27,32,0,0,1,3,4,3,2,1,6,2,6,7,3,7,3,6,3,1,0,1,0
八分字町,3068,1439,1629,190,205,189,164,144,159,221,249,206,186,194,196,198,144,137,121,96,41,22,6,0
浜口町,595,263,332,17,11,30,39,35,31,28,27,37,31,58,46,48,43,27,30,30,19,5,3,0
春竹町大字春竹,379,178,201,16,13,5,23,15,24,22,19,25,20,32,35,32,26,20,18,16,14,3,1,0
稗田町,461,209,252,16,15,26,19,19,21,15,30,37,30,25,27,34,35,19,38,30,14,8,3,0
東阿弥陀寺町,18,7,11,0,0,0,0,0,0,2,1,1,1,1,0,3,4,0,2,3,0,0,0,0
東京塚町,1037,499,538,41,49,57,53,53,64,67,69,68,67,59,62,72,48,53,70,48,24,9,2,2
東子飼町,823,389,434,28,50,57,34,49,33,42,65,78,52,56,49,68,40,36,39,29,7,7,1,3
東野１丁目,1132,546,586,64,56,39,56,45,78,86,105,73,71,86,61,62,75,48,58,32,24,12,1,0
東野２丁目,771,339,432,25,30,36,25,29,34,50,59,39,37,51,68,73,51,52,40,39,24,2,6,1
東野３丁目,723,344,379,32,32,28,32,59,63,56,56,42,49,57,57,42,26,28,30,23,10,0,1,0
東野４丁目,384,189,195,19,25,24,14,13,24,22,34,29,32,21,21,13,24,25,27,14,3,0,0,0
東本町,8,4,4,0,0,0,1,1,1,0,2,0,0,1,0,1,1,0,0,0,0,0,0,0
東町１丁目,425,336,89,0,0,0,36,210,112,33,14,10,9,1,0,0,0,0,0,0,0,0,0,0
東町２丁目,412,174,238,3,12,20,26,17,10,17,21,19,26,13,49,62,34,26,37,9,10,0,1,0
東町３丁目,3179,1465,1714,258,247,230,147,101,143,208,275,274,233,181,137,186,167,164,125,69,26,6,1,1
東町４丁目,4188,2036,2152,234,272,334,355,231,185,281,300,366,383,351,296,216,145,94,73,39,28,1,3,1
飛田１丁目,579,265,314,27,18,21,32,41,43,28,29,34,35,39,64,60,35,23,21,18,7,3,1,0
飛田２丁目,693,331,362,111,40,27,21,41,88,118,76,45,29,29,14,21,13,10,6,3,1,0,0,0
飛田３丁目,365,178,187,27,14,21,17,26,22,26,28,31,23,27,17,28,18,14,9,8,8,1,0,0
飛田４丁目,643,304,339,43,24,26,39,45,60,62,56,39,34,41,41,33,25,24,21,12,12,6,0,0
飛田町,37,18,19,0,1,3,4,3,5,0,2,4,1,4,1,3,2,0,3,1,0,0,0,0
日吉１丁目,1008,459,549,45,38,44,70,51,71,74,70,48,71,55,95,83,55,50,39,22,21,5,1,0
日吉２丁目,980,463,517,46,36,37,48,62,62,77,82,44,57,70,81,74,59,46,44,30,17,8,0,0
平田１丁目,555,262,293,41,25,22,20,20,28,48,48,37,34,21,36,46,41,27,25,16,10,5,3,2
平田２丁目,532,258,274,29,27,33,24,31,56,52,47,38,25,35,32,27,26,16,11,11,7,4,1,0
平山町,238,97,141,7,8,7,10,18,15,9,9,7,17,22,18,18,16,17,14,14,8,3,1,0
広木町,1603,757,846,98,92,67,77,85,111,126,116,91,111,112,108,78,85,83,74,54,21,10,4,0
古桶屋町,0,0,0,0,0,0,0,0,0,0,0,0,0,0,0,0,0,0,0,0,0,0,0,0
古川町,94,49,45,0,0,7,10,7,10,13,8,9,4,8,3,5,2,1,2,4,1,0,0,0
古京町,66,30,36,4,9,20,17,1,3,1,1,0,1,1,1,0,1,4,0,1,0,0,1,0
古大工町,47,19,28,1,2,2,1,1,4,3,4,3,1,2,1,3,4,5,4,1,3,1,0,1
平成１丁目,551,272,279,59,43,32,32,19,50,69,70,49,43,15,20,20,11,5,7,5,1,0,1,0
平成２丁目,506,232,274,32,31,30,18,34,33,39,61,39,35,24,33,31,12,9,13,10,4,11,6,1
平成３丁目,456,227,229,19,20,24,28,25,51,34,41,44,36,26,21,27,14,19,11,9,3,3,1,0
保田窪１丁目,1579,765,814,66,75,102,104,102,129,115,129,149,144,105,93,74,58,44,36,27,20,4,2,1
保田窪２丁目,1076,512,564,84,85,86,65,51,70,94,119,108,80,51,42,30,30,28,25,16,6,5,1,0
保田窪３丁目,1153,536,617,48,50,68,67,59,68,66,97,90,96,76,61,79,56,53,55,42,16,6,0,0
保田窪４丁目,1254,607,647,55,59,55,68,47,72,94,103,99,79,63,104,91,68,74,56,36,23,6,2,0
保田窪５丁目,1414,681,733,106,88,60,83,64,104,118,137,90,111,82,93,78,54,57,44,20,17,7,0,1
保田窪本町,1385,662,723,70,56,40,56,118,149,146,102,83,81,89,81,98,47,58,42,38,17,8,6,0
本荘１丁目,49,0,49,0,0,0,0,24,11,6,3,1,2,2,0,0,0,0,0,0,0,0,0,0
本荘２丁目,518,225,293,13,8,5,16,55,50,34,26,32,25,35,34,48,29,33,31,26,14,3,1,0
本荘３丁目,617,269,348,29,15,9,20,62,91,76,46,50,46,34,30,30,23,12,14,15,8,7,0,0
本荘４丁目,511,224,287,10,6,7,16,65,68,52,35,29,27,46,32,28,25,18,19,17,8,2,1,0
本荘５丁目,964,444,520,30,24,30,24,60,90,86,72,65,53,50,68,72,60,50,43,47,23,14,3,0
本荘６丁目,814,392,422,31,18,22,24,54,73,63,40,61,40,46,47,59,52,73,43,30,24,8,6,0
本荘町,1175,534,641,53,53,65,58,78,88,96,100,70,89,62,71,88,67,49,35,24,19,9,1,0
本丸,0,0,0,0,0,0,0,0,0,0,0,0,0,0,0,0,0,0,0,0,0,0,0,0
孫代町,589,278,311,35,35,42,31,21,48,47,35,40,34,26,49,44,28,26,15,17,8,7,0,1
松尾町上松尾,3129,1505,1624,100,112,123,159,145,138,162,195,176,193,206,247,294,236,210,184,140,69,29,11,0
松尾町近津,460,203,257,12,11,13,16,19,28,17,22,15,22,40,48,40,28,29,33,31,26,9,1,0
松尾町平山,238,119,119,5,15,21,8,9,3,6,8,22,14,16,14,11,20,21,26,13,3,2,1,0
松原町,11,3,8,0,0,0,0,1,0,0,0,0,1,2,1,2,0,2,1,1,0,0,0,0
馬渡１丁目,672,339,333,79,44,33,33,25,51,86,89,50,61,40,29,23,6,6,8,4,3,1,1,0
馬渡２丁目,770,346,424,103,63,50,31,47,70,94,103,82,38,26,17,22,9,4,4,3,2,1,1,0
万楽寺町,307,146,161,19,7,10,14,16,14,15,15,15,20,22,30,28,12,21,21,11,12,3,2,0
貢町,850,426,424,40,36,48,44,45,40,37,40,54,59,55,61,68,45,53,55,39,18,12,0,1
美登里町,548,252,296,13,13,19,17,22,41,18,24,24,24,29,62,62,43,37,36,23,27,11,3,0
南熊本１丁目,376,191,185,4,7,6,11,28,31,35,18,25,18,21,31,27,28,30,22,20,10,4,0,0
南熊本２丁目,167,78,89,6,3,3,3,27,24,9,9,3,8,8,13,13,4,7,11,5,7,3,1,0
南熊本３丁目,261,121,140,3,4,6,9,29,28,24,15,12,24,12,19,17,15,12,14,8,8,2,0,0
南熊本４丁目,270,139,131,13,6,7,5,11,17,13,24,23,18,19,20,24,18,14,16,7,10,3,2,0
南熊本５丁目,643,288,355,41,25,24,12,32,70,72,59,51,34,47,28,42,35,22,20,19,9,0,1,0
南千反畑町,866,384,482,37,47,51,35,46,52,51,84,72,66,55,35,56,51,29,34,34,13,12,6,0
南高江１丁目,1717,820,897,87,66,80,79,112,154,121,96,115,122,130,117,115,86,80,73,44,25,11,3,1
南高江２丁目,1035,480,555,37,37,50,54,44,55,62,69,76,69,66,88,79,85,65,42,27,19,9,2,0
南高江３丁目,147,72,75,17,18,10,5,4,13,17,17,16,1,4,6,7,2,5,1,2,2,0,0,0
南高江４丁目,1061,448,613,31,53,47,53,55,59,70,47,51,53,71,110,120,83,60,45,32,17,4,0,0
南高江５丁目,37,16,21,0,2,1,3,3,5,1,3,1,4,1,3,3,1,1,3,1,1,0,0,0
南高江６丁目,937,457,480,66,59,24,33,44,61,85,79,52,66,40,41,61,54,57,52,40,13,8,2,0
南高江７丁目,529,250,279,9,14,18,31,30,37,27,22,31,31,42,61,42,32,28,25,30,12,6,1,0
南高江町,0,0,0,0,0,0,0,0,0,0,0,0,0,0,0,0,0,0,0,0,0,0,0,0
南坪井町,547,224,323,13,8,12,14,26,51,43,37,37,33,34,29,60,50,33,25,24,13,4,1,0
南町,1105,510,595,51,60,37,66,44,52,69,89,65,73,66,82,74,66,62,64,38,34,7,4,2
宮内,536,263,273,14,23,19,24,27,27,30,24,32,32,36,44,47,45,33,31,22,14,12,0,0
御幸木部町,126,72,54,8,14,11,8,5,5,5,16,14,8,12,4,4,2,5,2,2,0,1,0,0
御幸西無田町,448,219,229,9,17,29,43,22,22,17,23,29,44,35,20,36,27,23,21,21,5,5,0,0
御幸笛田町,0,0,0,0,0,0,0,0,0,0,0,0,0,0,0,0,0,0,0,0,0,0,0,0
妙体寺町,378,167,211,9,10,8,14,37,40,27,24,11,18,25,28,27,19,19,16,24,13,9,0,0
迎町１丁目,616,271,345,9,16,22,23,53,75,58,53,32,40,29,40,43,34,23,28,17,12,5,4,0
迎町２丁目,284,135,149,16,13,10,7,10,28,23,20,19,14,15,16,22,22,23,12,5,7,1,0,1
武蔵ケ丘１丁目,781,349,432,39,51,42,30,40,30,52,70,57,53,37,51,60,44,41,42,23,12,4,3,0
武蔵ケ丘２丁目,769,368,401,26,41,39,43,31,34,28,62,53,38,27,45,60,71,74,59,20,13,4,1,0
武蔵ケ丘３丁目,577,265,312,5,20,30,27,27,22,21,38,29,25,37,47,58,80,61,27,11,7,3,2,0
武蔵ケ丘４丁目,653,307,346,11,30,28,27,17,17,25,37,51,36,35,43,81,71,61,47,20,9,5,2,0
武蔵ケ丘５丁目,853,396,457,21,41,40,34,33,27,31,46,61,49,33,48,70,86,100,76,31,18,8,0,0
武蔵ケ丘６丁目,1020,504,516,50,49,81,95,50,42,55,87,80,97,70,69,49,64,30,25,12,8,6,1,0
武蔵ケ丘７丁目,885,403,482,96,62,65,36,42,81,102,61,47,52,49,57,51,28,23,13,9,10,1,0,0
武蔵ケ丘８丁目,424,195,229,13,11,24,23,31,34,29,25,37,27,24,25,28,27,20,15,17,6,6,2,0
武蔵ケ丘９丁目,642,321,321,58,42,26,29,31,48,78,83,57,42,30,30,36,20,12,6,8,5,1,0,0
無田口町,420,197,223,14,24,17,19,23,19,16,32,14,18,30,35,36,34,27,22,19,15,4,2,0
室園町,1304,586,718,33,42,47,60,83,92,77,85,80,81,92,91,78,59,87,76,82,39,12,7,1
明徳町,608,288,320,26,20,33,32,30,34,53,53,31,47,36,42,51,33,26,27,16,14,3,1,0
元三町,0,0,0,0,0,0,0,0,0,0,0,0,0,0,0,0,0,0,0,0,0,0,0,0
元三町１丁目,10,5,5,0,0,0,0,0,1,0,2,0,0,0,1,2,3,0,0,0,0,1,0,0
元三町２丁目,468,226,242,28,18,23,20,29,44,44,18,23,31,32,34,37,25,22,10,17,7,5,1,0
元三町３丁目,454,207,247,15,19,16,25,21,26,17,35,26,23,37,28,42,31,22,30,24,13,3,1,0
元三町４丁目,0,0,0,0,0,0,0,0,0,0,0,0,0,0,0,0,0,0,0,0,0,0,0,0
元三町５丁目,40,23,17,1,2,2,1,1,3,2,4,1,2,3,1,6,6,2,0,2,1,0,0,0
本山１丁目,573,265,308,24,16,28,23,22,51,44,45,40,22,25,35,47,39,37,36,21,12,3,3,0
本山２丁目,318,150,168,11,5,12,16,25,20,25,26,18,26,18,14,28,19,17,16,9,5,6,2,0
本山３丁目,936,432,504,77,68,42,36,55,66,88,99,71,46,45,44,49,44,51,25,17,9,4,0,0
本山４丁目,827,390,437,40,30,18,29,64,76,54,75,46,27,39,49,68,60,41,28,40,31,7,4,1
本山町,2016,939,1077,132,124,116,92,96,128,203,195,182,145,119,124,113,72,63,52,27,17,12,2,2
薬園町,705,309,396,12,13,30,29,67,62,48,28,34,32,41,48,37,48,47,57,38,21,9,4,0
八島１丁目,336,157,179,10,8,6,11,20,24,15,19,15,22,19,15,32,34,31,25,14,8,4,2,2
八島２丁目,1227,541,686,46,50,52,62,65,73,56,76,63,64,94,92,106,98,90,58,46,22,8,6,0
八島町,117,53,64,13,6,8,6,4,10,11,17,12,4,4,3,4,4,6,3,1,0,1,0,0
八幡１丁目,0,0,0,0,0,0,0,0,0,0,0,0,0,0,0,0,0,0,0,0,0,0,0,0
八幡２丁目,0,0,0,0,0,0,0,0,0,0,0,0,0,0,0,0,0,0,0,0,0,0,0,0
八幡３丁目,0,0,0,0,0,0,0,0,0,0,0,0,0,0,0,0,0,0,0,0,0,0,0,0
八幡４丁目,0,0,0,0,0,0,0,0,0,0,0,0,0,0,0,0,0,0,0,0,0,0,0,0
八幡５丁目,518,230,288,23,21,32,32,21,24,23,42,35,29,40,40,38,29,13,25,27,14,7,1,2
八幡６丁目,556,253,303,35,33,47,28,18,31,44,41,34,34,29,27,26,30,33,28,21,11,5,0,1
八幡７丁目,412,185,227,24,21,25,18,27,22,20,43,29,31,36,28,21,17,14,15,10,7,4,0,0
八幡８丁目,118,52,66,13,8,7,3,7,11,13,9,5,6,5,9,7,6,2,3,2,1,1,0,0
八幡９丁目,525,236,289,18,18,23,28,27,27,32,33,32,32,24,53,37,36,35,30,27,9,3,0,1
八幡１０丁目,628,294,334,42,41,33,29,43,45,43,53,36,35,40,65,45,27,12,14,19,2,3,0,1
八幡１１丁目,5,2,3,0,0,0,0,0,0,0,0,1,1,2,0,0,0,1,0,0,0,0,0,0
山崎町,79,34,45,2,2,1,2,5,4,3,8,4,8,1,4,8,6,4,6,9,0,1,1,0
山ノ内１丁目,592,272,320,28,28,22,37,44,55,48,35,39,41,48,44,36,32,22,14,7,5,6,1,0
山ノ内２丁目,296,143,153,21,28,27,23,8,10,19,23,39,21,15,10,17,7,9,5,8,4,1,1,0
山ノ内３丁目,433,206,227,17,36,23,18,12,15,26,27,30,36,21,33,30,17,19,30,21,12,8,2,0
山ノ内４丁目,190,93,97,8,11,9,9,18,11,13,13,12,12,17,17,11,9,8,6,5,1,0,0,0
山ノ神１丁目,981,474,507,39,48,59,44,46,51,69,85,54,57,54,71,84,80,48,49,21,15,6,1,0
山ノ神２丁目,1224,608,616,71,75,84,79,71,56,69,102,105,95,94,71,84,50,45,34,22,13,4,0,0
山室１丁目,550,244,306,21,30,22,25,24,24,26,36,37,35,33,39,53,46,40,36,10,8,4,1,0
山室２丁目,602,285,317,16,21,20,31,27,36,33,31,33,40,39,43,53,38,42,46,27,19,4,3,0
山室３丁目,332,160,172,26,21,10,14,16,28,34,27,23,33,10,18,11,15,22,11,7,2,3,1,0
山室４丁目,306,143,163,14,12,7,12,16,25,14,18,11,11,33,23,21,29,20,17,11,8,4,0,0
山室５丁目,363,161,202,16,12,16,20,24,32,26,17,22,20,39,26,25,8,23,15,6,14,1,1,0
山室６丁目,1186,586,600,51,62,60,60,69,73,95,81,63,66,94,115,104,72,41,39,9,22,8,2,0
弥生町,350,153,197,9,9,13,15,17,24,22,23,10,20,25,20,41,27,13,21,18,12,8,3,0
弓削町,446,212,234,21,12,11,21,15,24,34,26,15,20,33,43,47,23,27,21,31,11,9,1,1
横紺屋町,53,30,23,0,0,0,0,7,14,14,9,2,2,2,2,1,0,0,0,0,0,0,0,0
横手１丁目,669,297,372,21,24,18,18,28,56,46,44,30,30,35,46,55,67,42,31,43,21,11,2,1
横手２丁目,209,90,119,6,10,9,9,7,3,12,19,10,12,15,21,19,18,14,9,5,9,1,1,0
横手３丁目,1308,623,685,55,55,46,63,55,74,69,87,74,79,94,95,114,84,82,80,56,25,15,4,2
横手４丁目,1104,498,606,33,45,62,64,44,49,61,52,64,64,63,94,77,76,74,75,57,29,15,4,2
横手５丁目,751,337,414,35,39,49,47,41,35,47,42,63,66,51,53,41,34,41,16,14,27,8,1,1
吉原町,231,110,121,17,10,11,8,5,21,14,16,13,16,16,13,25,10,13,9,6,2,5,1,0
四方寄町,2811,1358,1453,168,128,135,139,180,169,237,171,178,187,188,210,185,146,147,102,77,42,12,9,1
世安町,2606,1223,1383,99,129,165,114,140,138,119,214,208,150,180,200,180,165,137,121,83,46,11,7,0
万町１丁目,129,56,73,5,5,10,3,7,11,7,6,12,13,8,7,8,5,9,7,2,2,1,1,0
万町２丁目,20,9,11,0,0,0,0,0,0,4,3,1,1,0,0,6,2,1,0,1,0,1,0,0
流通団地１丁目,0,0,0,0,0,0,0,0,0,0,0,0,0,0,0,0,0,0,0,0,0,0,0,0
流通団地２丁目,15,12,3,3,2,0,0,0,4,3,0,1,0,0,0,2,0,0,0,0,0,0,0,0
立福寺町,388,181,207,12,14,19,27,15,19,18,27,13,29,16,37,34,27,25,17,19,16,3,1,0
蓮台寺１丁目,1004,468,536,69,34,36,32,53,78,84,83,63,61,54,64,81,54,46,45,27,26,10,2,2
蓮台寺２丁目,496,231,265,31,16,13,11,28,41,50,38,34,31,25,43,42,25,20,17,15,8,5,2,1
蓮台寺３丁目,325,152,173,23,10,18,17,27,25,34,16,16,27,28,11,20,18,12,12,8,2,1,0,0
蓮台寺４丁目,1144,538,606,55,69,84,54,43,62,59,99,94,89,70,68,62,61,65,58,33,13,4,2,0
蓮台寺５丁目,143,72,71,6,9,3,7,11,11,9,16,8,15,6,9,11,7,5,4,3,1,2,0,0
練兵町,838,367,471,34,26,40,34,54,72,57,57,65,53,66,50,64,51,37,38,20,16,3,1,0
若葉１丁目,561,237,324,1,11,24,20,26,41,31,31,28,24,34,46,72,40,37,26,26,25,17,1,0
若葉２丁目,869,389,480,22,19,36,34,50,46,43,45,56,64,64,73,80,52,61,47,38,24,10,2,3
若葉３丁目,1358,635,723,79,64,48,68,78,100,110,95,68,79,81,100,84,70,63,75,46,30,12,4,4
若葉４丁目,809,365,444,23,40,36,45,42,26,44,50,48,56,63,51,47,58,47,51,42,22,13,5,0
若葉５丁目,1297,613,684,34,87,56,70,52,46,52,110,74,98,95,63,93,97,60,86,65,42,12,5,0
若葉６丁目,1037,494,543,39,48,64,61,46,55,55,68,69,75,74,63,77,65,72,48,33,16,7,2,0
城南町阿高,663,323,340,27,26,34,24,36,40,37,48,51,56,67,69,105,72,125,65,46,30,20,8,0
城南町隈庄,1334,617,717,76,81,122,88,108,91,100,124,134,140,139,116,107,126,137,110,61,59,25,3,4
城南町舞原,3301,1605,1696,334,327,311,263,213,295,332,378,363,348,287,241,203,238,290,205,145,73,47,12,1
城南町宮地,2077,990,1087,177,210,195,109,138,146,168,246,210,222,156,142,131,210,220,136,113,76,42,12,8
城南町坂野,514,245,269,10,23,43,56,22,29,26,35,49,40,67,42,41,61,64,57,47,31,11,5,0
城南町藤山,1015,500,515,60,65,58,58,54,48,71,77,97,87,101,98,118,112,134,124,55,65,27,5,1
城南町塚原,867,427,440,46,52,58,62,49,46,46,58,70,97,87,99,106,110,95,86,62,29,24,11,1
城南町島田,341,159,182,19,25,24,14,24,11,23,32,25,26,36,31,22,42,52,42,23,19,6,4,0
城南町永,582,277,305,30,55,45,24,36,36,46,61,57,49,42,42,50,75,61,57,42,35,16,0,0
城南町鰐瀬,717,338,379,14,28,25,23,32,40,50,26,38,61,66,61,81,88,132,121,71,51,30,15,2
富合町志々水,603,284,319,92,62,44,36,43,72,73,88,76,40,70,41,28,36,18,24,19,12,7,6,0
富合町平原,421,207,214,13,19,20,28,29,17,21,25,36,47,27,44,41,66,52,50,37,30,18,7,1
富合町御船手,51,23,28,0,0,0,4,6,10,4,2,2,3,3,1,3,7,14,7,2,5,1,0,0
富合町木原,596,300,296,29,31,29,19,41,27,29,33,57,51,66,55,59,68,88,85,59,40,24,6,0
富合町菰江,190,87,103,6,10,10,9,14,13,5,16,22,10,17,21,29,28,17,18,5,18,9,0,0
富合町西田尻,81,37,44,3,6,6,5,6,8,3,8,8,6,10,1,2,8,7,13,14,2,2,0,0
富合町釈迦堂,238,109,129,15,14,8,16,16,18,21,17,22,13,18,26,21,29,25,20,16,16,14,1,1
富合町小岩瀬,739,360,379,72,68,39,58,70,92,79,64,103,67,50,51,64,44,45,56,29,26,14,8,0
富合町田尻,399,195,204,19,31,26,39,27,39,37,39,26,42,41,44,35,41,26,35,13,20,12,1,1
植木町一木,1882,935,947,107,117,163,149,173,137,150,170,208,172,187,167,185,151,170,168,136,62,35,9,1
植木町滴水,2797,1327,1470,170,223,226,204,177,156,237,263,263,282,279,263,337,254,254,215,170,63,66,19,3
植木町平原,299,148,151,10,4,9,13,14,28,7,20,29,17,22,26,29,43,34,55,33,31,19,3,1
植木町古閑,221,105,116,6,8,12,7,10,5,12,14,12,18,18,24,33,30,20,34,20,21,15,6,1
植木町上古閑,301,149,152,16,27,23,30,20,13,24,15,42,27,29,19,31,36,33,34,17,8,4,2,0
植木町後古閑,131,64,67,5,7,6,12,2,6,2,18,9,7,15,6,7,24,21,19,14,9,5,1,0
植木町味取,168,73,95,12,7,16,9,9,13,10,27,16,10,10,15,12,21,15,14,17,4,3,1,0
植木町大井,202,101,101,5,4,11,10,12,5,10,14,13,12,16,9,19,56,22,28,16,17,16,8,0
植木町大和,2047,925,1122,73,106,137,133,91,72,81,136,154,196,218,152,167,188,283,354,230,114,71,13,3
植木町宮原,459,221,238,13,27,27,30,17,16,18,30,41,37,56,35,45,57,73,58,51,30,12,7,0
植木町富応,627,296,331,18,36,48,44,33,31,38,38,64,48,53,77,55,86,77,85,49,25,10,6,2
植木町小野,601,302,299,15,27,22,47,34,31,39,57,63,33,47,83,69,90,103,65,40,24,12,1,1
植木町山本,462,223,239,20,18,20,32,33,20,25,16,45,59,42,31,36,53,80,66,44,22,16,4,3
植木町岩野,2715,1342,1373,207,214,180,208,191,206,297,232,266,267,269,217,252,269,256,224,148,105,35,11,3
植木町平井,298,144,154,18,19,18,8,11,22,18,29,29,15,19,23,38,43,36,26,15,24,25,6,0
植木町平野,496,233,263,31,52,38,46,43,12,35,60,54,62,50,52,36,43,34,43,22,11,4,1,0
植木町広住,1956,927,1029,90,130,210,263,143,94,98,131,198,293,255,170,122,151,148,161,124,59,29,10,4
植木町投刀塚,631,304,327,60,63,34,31,41,57,60,60,64,67,63,40,44,49,80,41,36,25,13,6,1
植木町有泉,245,125,120,8,9,12,6,10,13,22,11,29,29,11,20,33,40,46,30,10,16,12,2,1
植木町木留,767,360,407,55,53,54,40,43,52,81,77,82,69,66,57,68,97,81,56,41,33,19,3,0
植木町植木,735,337,398,55,39,31,49,41,76,75,74,59,85,82,61,56,47,57,69,56,30,23,6,1
植木町正清,481,234,247,18,22,21,36,34,27,25,23,36,43,35,52,46,60,83,61,28,32,23,9,1
植木町清水,666,328,338,11,34,39,19,39,45,24,39,65,62,33,66,70,83,115,103,39,61,29,17,1
植木町田底,513,241,272,14,22,38,19,31,30,22,35,29,38,59,55,60,57,73,67,40,31,22,12,0
植木町石川,119,58,61,1,5,11,3,3,8,3,4,12,0,9,12,22,19,20,13,17,8,4,0,3
植木町米塚,761,346,415,14,37,33,42,43,44,50,31,51,63,81,68,78,67,123,105,84,44,36,11,2
植木町舞尾,943,484,459,64,47,53,51,101,91,81,72,74,86,70,96,97,99,94,103,69,53,17,8,1
植木町舟島,155,73,82,5,7,1,3,11,6,13,10,4,7,18,9,19,32,18,21,11,12,15,5,1
植木町色出,203,101,102,2,10,10,20,13,13,7,7,12,22,18,11,24,23,51,27,16,13,4,1,0
植木町荻迫,421,203,218,18,33,31,29,34,18,34,50,30,34,36,48,47,36,51,41,24,13,13,3,1
植木町豊岡,256,125,131,4,12,7,16,17,10,8,12,13,15,35,25,26,42,35,36,27,25,14,2,0
植木町豊田,684,337,347,39,40,46,50,23,38,40,53,60,61,54,60,47,93,105,92,48,41,25,6,0
植木町轟,637,296,341,16,30,40,30,31,33,19,45,38,84,54,49,91,66,92,100,45,38,26,3,3
植木町辺田野,230,114,116,9,9,17,14,5,28,10,17,17,12,20,35,34,26,23,15,19,24,7,3,0
植木町那知,60,32,28,0,0,0,0,1,5,4,4,3,0,7,5,5,14,12,14,5,5,5,3,0
植木町鈴麦,143,63,80,0,2,10,2,1,4,2,5,9,4,1,18,22,23,33,30,12,16,12,0,0
植木町鐙田,711,352,359,43,44,40,48,60,25,59,60,52,70,66,55,62,84,91,101,50,34,14,4,1
植木町鞍掛,508,243,265,16,40,44,25,26,22,25,25,52,60,41,43,53,59,68,73,35,25,11,8,0
植木町伊知坊,348,164,184,19,17,29,10,31,11,19,15,24,35,33,33,31,53,40,36,36,18,18,4,0
植木町内,366,174,192,14,22,28,22,12,5,18,29,22,45,39,28,34,34,61,47,36,21,18,3,2
植木町円台寺,266,120,146,16,8,11,11,7,21,26,28,23,27,26,12,15,38,23,39,31,11,9,3,1
植木町今藤,458,223,235,10,30,30,41,22,23,30,28,43,51,42,24,44,61,67,55,32,23,16,8,1
植木町亀甲,783,388,395,20,38,59,44,67,39,39,53,71,78,52,80,88,93,108,96,61,49,30,5,1
