人口統計表,総人口,男性,女性,0〜4歳,5〜9歳,10〜14歳,15〜19歳,20〜24歳,25〜29歳,30〜34歳,35〜39歳,40〜44歳,45〜49歳,50〜54歳,55〜59歳,60〜64歳,65〜69歳,70〜74歳,75〜79歳,80〜84歳,85〜89歳,90〜94歳,95〜99歳,100歳以上
会富町,682,325,357,39,58,46,57,27,52,56,79,65,64,66,50,65,106,47,54,39,22,7,6,2
秋津１丁目,760,367,393,52,55,82,60,56,52,67,74,94,83,94,89,43,64,30,45,41,22,19,5,0
秋津２丁目,1044,491,553,94,85,109,86,90,120,85,111,108,94,120,104,96,67,37,52,54,21,2,0,0
秋津３丁目,768,371,397,105,66,93,56,55,80,75,95,81,72,69,50,60,68,49,24,17,15,6,2,1
秋津新町,90,43,47,0,0,2,10,10,3,3,5,7,5,13,6,20,10,8,10,4,7,4,6,0
秋津町秋田,2393,1093,1300,80,125,200,264,230,214,145,168,188,215,298,297,318,243,153,134,92,69,36,12,5
秋津町沼山津,0,0,0,0,0,0,0,0,0,0,0,0,0,0,0,0,0,0,0,0,0,0,0,0
荒尾町,0,0,0,0,0,0,0,0,0,0,0,0,0,0,0,0,0,0,0,0,0,0,0,0
改寄町,1342,633,709,116,75,92,104,98,121,129,132,109,135,120,145,165,105,104,100,68,30,17,9,1
安政町,102,42,60,0,3,7,7,2,12,10,6,16,9,10,14,14,11,4,5,5,6,1,2,0
井川淵町,148,61,87,10,10,8,7,3,11,20,22,17,8,14,10,8,15,12,16,7,10,1,0,0
池亀町,695,356,339,30,22,23,55,80,77,57,46,59,46,66,74,107,104,70,62,44,19,6,4,0
池田１丁目,2721,1273,1448,163,188,201,262,198,198,203,226,306,304,290,269,337,244,167,131,160,101,31,12,3
池田２丁目,2697,1278,1419,129,168,219,250,237,222,201,239,298,252,236,259,276,255,216,205,166,92,46,8,1
池田３丁目（北区）,1934,872,1062,101,109,130,124,143,144,127,117,128,179,158,183,239,193,205,172,208,106,32,6,2
池田３丁目（西区）,657,352,305,27,18,32,71,66,53,60,49,69,62,86,47,77,97,70,49,31,24,19,2,0
池田４丁目,554,309,245,20,9,20,57,169,90,49,46,41,33,24,47,65,66,44,31,17,22,12,1,0
池上町,0,0,0,0,0,0,0,0,0,0,0,0,0,0,0,0,0,0,0,0,0,0,0,0
石原町,0,0,0,0,0,0,0,0,0,0,0,0,0,0,0,0,0,0,0,0,0,0,0,0
出水１丁目,1206,524,682,43,52,91,98,106,93,60,82,110,142,191,119,111,132,77,77,80,42,21,1,2
出水２丁目,586,263,323,22,43,39,54,24,32,35,46,75,58,51,72,86,66,56,22,27,28,10,2,1
出水３丁目,1260,557,703,68,97,114,141,68,80,90,105,147,176,104,141,124,98,82,62,57,38,22,3,0
出水４丁目（中央区）,1398,661,737,87,116,128,104,121,121,103,155,154,165,157,126,98,119,103,76,65,38,20,3,0
出水４丁目（東区）,107,49,58,0,8,9,6,3,9,4,6,8,9,7,13,24,15,9,6,12,6,2,0,0
出水５丁目,2009,923,1086,141,151,191,176,123,135,120,233,200,225,155,201,211,177,145,117,105,90,28,7,1
出水６丁目,3538,1685,1853,250,319,299,326,269,312,330,434,375,346,310,336,353,294,234,198,133,76,21,8,0
出水７丁目,2444,1130,1314,141,156,141,157,136,169,180,223,196,208,243,202,250,261,262,276,185,129,44,14,1
出水８丁目,1834,860,974,150,98,126,149,138,146,126,166,164,178,179,212,179,191,141,105,149,61,25,10,1
和泉町,350,177,173,14,22,28,27,28,36,20,29,28,19,31,35,54,49,24,27,35,16,5,0,0
板屋町,23,10,13,0,1,1,0,1,0,2,5,0,1,0,2,5,3,0,1,2,3,4,2,0
出仲間１丁目,739,347,392,61,73,49,67,49,71,72,96,75,59,85,97,77,61,27,25,19,13,10,0,0
出仲間２丁目,473,209,264,30,50,26,33,31,43,30,48,48,43,37,42,41,46,46,36,28,7,17,0,0
出仲間３丁目,751,378,373,112,83,67,59,55,95,123,115,74,69,68,57,65,32,27,10,12,5,1,0,0
出仲間４丁目,1229,594,635,134,119,126,108,77,63,98,158,164,151,99,87,84,85,112,90,46,18,1,3,0
出仲間５丁目,726,357,369,74,91,71,70,45,46,59,103,97,119,66,45,52,35,35,35,24,14,1,1,0
出仲間６丁目,1029,494,535,89,60,86,88,88,111,110,121,119,103,106,88,128,66,34,51,41,28,3,1,2
出仲間７丁目,1114,509,605,117,104,100,93,85,86,116,133,89,107,94,122,90,78,74,43,50,32,9,0,1
出仲間８丁目,605,287,318,38,45,65,72,50,24,55,59,93,79,61,67,31,43,45,36,16,5,5,3,0
出仲間９丁目,327,145,182,48,30,24,20,38,54,73,59,31,22,20,16,12,13,7,2,0,3,0,0,0
今町,914,414,500,25,45,57,84,55,54,39,52,77,76,76,95,127,127,105,71,72,47,33,9,2
魚屋町１丁目,16,5,11,0,0,0,0,1,1,1,3,0,1,0,4,3,4,1,0,1,1,0,0,0
魚屋町２丁目,17,7,10,1,2,0,1,1,0,2,3,1,0,0,0,0,2,7,2,2,0,0,0,0
魚屋町３丁目,5,4,1,0,0,0,0,0,0,2,0,0,0,2,0,2,3,0,0,0,0,0,0,0
海路口町,284,139,145,47,16,30,23,16,22,31,45,26,32,31,16,19,20,9,18,9,9,4,0,0
薄場町,44,20,24,5,8,4,4,4,0,3,10,8,3,1,2,1,6,2,0,0,3,0,0,0
打越町,1756,840,916,103,82,134,126,138,142,141,163,183,160,178,151,227,208,147,109,119,57,25,2,1
内田町,1223,601,622,66,70,101,91,100,74,85,90,105,117,123,150,145,125,113,95,96,46,24,8,0
内坪井町,786,348,438,59,68,63,40,36,54,77,65,113,74,57,60,80,76,64,60,32,33,15,6,2
江越１丁目,827,402,425,95,60,52,73,85,91,116,117,114,131,91,64,35,39,17,17,13,13,5,1,0
江越２丁目,0,0,0,0,0,0,0,0,0,0,0,0,0,0,0,0,0,0,0,0,0,0,0,0
画図町大字上無田,0,0,0,0,0,0,0,0,0,0,0,0,0,0,0,0,0,0,0,0,0,0,0,0
画図町大字重富,2302,1073,1229,254,230,162,147,170,198,206,265,186,184,193,260,253,247,169,108,83,39,14,7,0
画図町大字下江津,16,5,11,1,3,0,0,0,0,3,0,0,1,1,0,3,1,4,1,2,1,0,0,0
画図町大字下無田,886,417,469,40,47,50,55,80,53,35,68,75,76,77,78,151,119,103,72,67,30,18,8,1
画図町大字所島,806,379,427,74,93,90,37,43,42,74,93,97,50,63,89,103,73,55,29,38,20,20,2,0
江津１丁目,1360,623,737,68,85,77,102,81,99,119,105,146,138,141,160,120,140,108,122,94,53,18,6,1
江津２丁目（中央区）,213,103,110,11,12,18,9,13,18,18,26,17,20,18,22,15,24,31,28,13,2,1,0,0
江津２丁目（東区）,0,0,0,0,0,0,0,0,0,0,0,0,0,0,0,0,0,0,0,0,0,0,0,0
榎町,2121,1010,1111,111,127,199,194,149,114,164,198,200,214,201,255,235,216,198,156,125,55,17,3,0
大江１丁目,2250,1077,1173,105,88,174,188,301,249,231,198,201,266,209,211,221,206,148,110,102,70,40,7,2
大江２丁目,1030,530,500,66,31,54,79,146,133,115,88,80,95,112,141,106,76,49,67,46,44,23,9,0
大江３丁目,1061,508,553,98,82,113,97,66,119,116,134,128,158,106,93,69,51,51,28,37,16,6,1,0
大江４丁目,1659,730,929,81,110,132,113,141,114,138,165,170,199,194,131,175,167,103,90,79,59,18,8,2
大江５丁目,891,388,503,40,35,45,70,83,94,57,59,107,118,84,56,97,85,66,70,55,37,14,6,1
大江６丁目,1824,811,1013,178,162,161,163,142,116,152,249,278,220,178,96,147,98,106,55,62,49,14,4,5
大江本町,437,193,244,14,17,8,24,52,55,34,38,32,43,61,46,54,57,25,32,18,17,3,0,0
大窪１丁目,223,101,122,14,6,13,14,26,21,21,19,8,18,12,23,23,24,21,26,22,10,2,1,0
大窪２丁目,296,158,138,23,7,10,13,20,34,34,29,30,18,46,26,44,48,18,13,20,10,10,1,0
大窪３丁目,271,127,144,11,13,10,12,31,35,24,20,27,10,12,40,44,36,18,14,21,12,7,1,0
大窪４丁目,272,143,129,26,10,10,21,31,31,43,37,30,35,18,25,34,13,22,13,9,4,2,1,0
大窪５丁目,846,396,450,51,24,51,79,55,62,74,57,71,96,72,89,98,126,96,58,47,25,10,1,0
大鳥居町,224,113,111,16,7,11,13,15,28,10,18,11,14,25,35,29,24,13,20,27,17,3,0,1
岡田町,471,212,259,27,33,30,14,48,42,51,38,46,40,40,54,48,43,37,45,19,14,9,5,0
沖新町,1930,912,1018,101,119,139,161,132,163,152,132,154,211,219,194,180,195,167,155,153,73,32,9,1
奥古閑町,832,408,424,61,72,63,85,73,74,66,78,74,91,76,116,78,55,44,42,44,29,15,4,0
小島上町,114,58,56,4,4,3,6,11,10,3,9,7,20,3,16,12,27,13,10,8,5,1,0,0
小島下町,668,332,336,21,39,45,39,54,64,52,52,36,47,62,82,110,71,62,49,45,44,23,3,0
尾ノ上１丁目,1971,903,1068,112,126,150,154,124,157,182,208,209,233,198,221,216,166,137,96,94,59,27,4,1
尾ノ上２丁目,1743,840,903,122,157,151,204,140,151,165,163,195,213,217,228,155,96,81,67,42,27,9,0,0
尾ノ上３丁目,1293,579,714,104,98,87,106,98,105,131,128,133,135,144,131,137,89,76,47,55,47,17,2,2
尾ノ上４丁目,2386,1095,1291,187,152,203,219,187,228,221,251,311,295,246,191,210,185,131,110,69,52,23,8,2
帯山１丁目,2808,1264,1544,188,183,279,262,194,187,212,270,281,284,267,227,291,282,186,179,156,88,38,16,2
帯山２丁目,1657,748,909,100,106,164,189,155,118,116,183,176,207,189,156,140,98,111,82,43,57,10,3,2
帯山３丁目,2767,1286,1481,148,249,260,237,181,180,191,288,328,307,264,263,281,194,162,162,175,112,63,7,1
帯山４丁目（中央区）,0,0,0,0,0,0,0,0,0,0,0,0,0,0,0,0,0,0,0,0,0,0,0,0
帯山４丁目（東区）,0,0,0,0,0,0,0,0,0,0,0,0,0,0,0,0,0,0,0,0,0,0,0,0
帯山５丁目,2540,1184,1356,118,155,204,239,215,173,159,190,250,228,276,260,255,233,185,192,205,141,37,9,0
帯山６丁目,959,456,503,65,79,88,68,55,83,86,98,87,90,95,104,92,74,56,63,75,42,12,3,0
帯山７丁目,2391,1140,1251,244,169,140,184,212,264,253,261,236,233,220,253,230,190,163,102,84,54,26,10,3
帯山８丁目,595,285,310,81,27,29,47,39,71,76,98,66,50,72,49,56,33,31,19,16,12,5,3,0
帯山９丁目,847,374,473,51,62,62,67,68,71,68,110,121,78,99,96,86,55,46,39,22,18,0,2,0
小峯１丁目,549,255,294,41,36,42,56,26,35,47,54,54,48,51,41,62,65,43,45,20,25,12,1,0
小峯２丁目,1089,494,595,77,77,73,68,79,131,132,115,100,121,101,109,132,100,70,42,27,17,10,2,0
小峯３丁目,882,419,463,61,61,58,67,71,103,101,107,87,81,68,93,96,91,48,49,29,22,7,1,0
小峯４丁目,80,37,43,0,1,13,18,4,2,1,2,7,14,19,8,7,6,6,4,0,4,1,0,0
小山町,462,196,266,18,14,24,19,21,24,20,31,20,29,36,40,54,62,65,47,47,51,28,7,1
鹿帰瀬町,330,166,164,23,10,11,20,22,28,30,34,16,30,25,53,56,39,30,12,33,21,0,3,0
梶尾町,3475,1635,1840,237,205,261,371,218,232,295,298,366,324,366,367,411,280,272,215,192,139,48,9,4
鍛冶屋町,187,88,99,15,9,10,10,13,15,49,31,36,25,14,18,6,6,6,4,3,4,1,0,0
春日１丁目,1279,582,697,129,77,80,68,79,93,131,134,171,151,154,121,155,91,79,63,42,28,9,5,1
春日２丁目,435,216,219,34,12,15,18,31,60,71,61,40,55,50,34,66,34,18,12,15,15,9,1,0
春日３丁目,588,273,315,72,28,10,16,39,118,168,80,62,42,20,44,39,30,28,23,19,19,4,0,0
春日４丁目,1283,602,681,70,67,74,75,92,108,75,160,126,121,103,132,155,134,127,104,54,69,30,9,0
春日５丁目,504,251,253,15,32,29,33,25,24,27,41,73,40,52,57,69,81,66,38,13,22,11,7,0
春日６丁目,489,215,274,46,16,32,28,28,45,37,28,44,41,34,45,55,46,45,39,50,26,17,1,1
春日７丁目,1489,717,772,114,108,92,106,120,161,112,175,144,102,125,136,155,140,120,98,90,68,32,8,0
春日８丁目,734,346,388,47,61,41,42,48,34,48,78,69,71,80,59,88,57,63,77,58,45,12,2,0
鹿子木町,1396,629,767,104,99,170,185,89,101,119,162,175,111,97,87,124,114,98,63,46,35,30,12,4
釜尾町,192,89,103,8,4,2,9,20,13,8,10,8,12,24,21,40,22,17,14,24,22,1,2,0
上鍛冶屋町,168,54,114,7,1,9,11,15,21,15,14,13,13,19,23,19,19,9,3,6,2,2,0,1
上京塚町,72,37,35,6,2,2,6,11,7,15,15,17,16,1,10,0,0,0,1,0,0,0,0,0
上熊本１丁目,1318,601,717,52,92,96,91,85,98,111,136,131,128,127,129,154,169,102,89,75,37,15,2,0
上熊本２丁目,870,409,461,65,66,71,59,67,75,88,120,118,111,81,81,90,48,45,32,18,33,10,1,0
上熊本３丁目,1679,763,916,83,134,126,150,195,186,141,152,160,145,149,200,173,157,117,68,53,33,14,4,2
上水前寺１丁目,475,221,254,30,24,16,15,41,63,51,76,61,51,35,33,39,50,28,32,17,21,10,3,0
上水前寺２丁目,793,368,425,36,59,57,57,51,36,70,70,57,81,90,95,99,99,69,56,50,19,6,3,1
上通町,841,402,439,51,64,79,82,69,57,65,70,93,108,83,66,81,84,68,49,42,25,4,3,0
上南部町,0,0,0,0,0,0,0,0,0,0,0,0,0,0,0,0,0,0,0,0,0,0,0,0
上林町,308,147,161,25,16,15,4,28,51,41,44,40,22,16,16,29,37,15,16,21,15,3,1,0
辛島町,874,413,461,118,125,101,71,40,85,102,96,92,100,52,46,70,60,41,20,36,19,11,2,0
川口町,2087,1006,1081,67,97,148,152,104,102,127,131,202,170,182,218,282,289,223,236,197,105,49,10,2
川尻１丁目,352,164,188,14,10,6,27,21,17,20,17,28,27,27,46,63,33,46,37,40,24,10,3,0
川尻２丁目,213,102,111,19,18,10,10,13,19,25,28,39,20,20,12,22,22,12,6,8,8,3,1,0
川尻３丁目,607,283,324,39,34,22,34,38,39,45,53,32,67,33,71,91,78,63,63,45,30,9,4,0
川尻４丁目,632,295,337,33,43,53,31,27,37,50,79,55,34,47,46,80,82,61,82,38,31,15,1,2
川尻５丁目,328,150,178,20,17,30,20,19,22,33,30,30,27,28,34,29,31,30,29,23,21,5,0,0
川尻６丁目,456,209,247,22,18,15,30,20,24,34,42,31,29,48,40,65,62,59,60,34,17,10,5,0
河内町大多尾,343,160,183,4,6,23,30,23,13,11,26,22,28,39,27,39,45,54,42,36,22,7,5,1
河内町面木,64,27,37,3,1,5,4,8,1,3,2,0,10,6,8,11,5,5,7,7,4,1,0,0
河内町河内,1520,714,806,49,61,82,97,94,81,103,108,106,121,157,157,177,221,144,152,151,114,43,13,3
河内町白浜,874,415,459,38,39,60,74,64,45,42,52,62,98,98,56,111,96,127,88,65,55,16,3,0
河内町岳,769,364,405,52,37,25,30,44,48,48,62,61,56,84,97,110,103,63,93,51,34,22,11,2
河内町東門寺,149,77,72,9,2,7,10,10,18,8,8,7,11,22,15,20,12,10,23,19,6,7,2,0
河内町野出,692,328,364,17,17,53,38,44,46,36,34,39,57,85,89,91,82,90,71,62,43,17,7,2
河内町船津,1956,947,1009,107,83,99,146,108,135,130,101,125,203,214,185,239,239,190,201,210,134,44,9,1
川端町,49,17,32,1,0,0,3,18,14,4,1,2,6,3,3,2,5,0,1,0,2,1,0,0
河原町,169,79,90,10,31,11,5,6,1,14,21,40,16,24,12,15,7,11,8,12,4,0,0,0
北迫町,194,95,99,6,10,11,15,30,10,14,22,8,16,13,13,31,19,10,26,17,16,2,0,0
北千反畑町,437,191,246,16,31,15,17,40,54,51,53,38,30,27,38,47,39,37,29,35,13,14,4,0
京塚本町,1686,771,915,95,115,147,110,89,99,123,182,157,178,140,133,215,192,149,110,85,71,52,14,1
京町１丁目,1320,599,721,87,69,73,92,86,84,96,140,169,140,135,135,144,123,129,82,70,40,19,6,0
京町２丁目,1411,614,797,57,91,79,106,102,111,105,107,138,162,167,108,149,150,104,101,96,60,24,6,2
京町本丁（中央区）,738,337,401,36,50,54,64,56,40,36,43,73,95,113,83,95,49,59,44,35,28,17,5,0
京町本丁,277,137,140,17,15,30,24,27,15,25,33,28,32,50,21,19,25,13,8,13,13,5,1,0
草葉町,516,213,303,30,32,36,27,38,39,35,49,76,73,67,40,39,37,38,20,37,9,6,1,0
楠１丁目,1374,580,794,51,97,120,61,44,56,63,98,141,85,95,101,161,175,198,197,118,61,25,6,1
楠２丁目,438,205,233,13,18,32,33,31,27,19,15,50,47,29,39,48,37,42,65,60,30,8,0,0
楠３丁目,391,154,237,14,28,19,16,10,21,19,18,25,26,28,24,33,65,50,56,62,20,9,2,0
楠４丁目,913,414,499,17,29,63,75,51,58,58,44,77,71,61,109,128,123,139,101,73,32,16,0,2
楠５丁目,954,428,526,11,45,61,88,67,45,27,64,92,89,114,96,104,99,133,112,81,39,10,5,0
楠６丁目,572,268,304,44,69,67,44,30,29,43,78,76,65,49,41,36,56,37,46,16,8,5,1,0
楠７丁目,1190,553,637,44,78,115,114,85,83,70,79,125,148,128,120,125,82,121,117,65,30,8,5,1
楠８丁目,1074,511,563,64,88,110,123,83,79,67,91,124,179,83,96,82,99,86,69,36,16,8,2,0
楠野町,1118,528,590,60,81,83,82,74,85,95,80,96,97,108,123,139,131,117,83,67,30,10,5,0
九品寺１丁目,1195,549,646,82,42,40,50,112,135,166,156,154,93,110,102,130,127,72,73,51,28,18,3,0
九品寺２丁目,1115,484,631,98,85,79,77,108,79,181,107,170,125,77,98,83,82,40,37,31,23,17,2,0
九品寺３丁目,1693,782,911,116,124,105,126,174,198,201,152,134,206,153,137,153,106,96,123,87,54,19,10,1
九品寺４丁目,722,336,386,58,10,19,31,50,108,93,98,68,68,69,57,63,68,54,54,40,23,17,8,2
九品寺５丁目,1501,687,814,113,95,107,111,100,159,177,174,157,126,149,116,149,135,101,96,61,42,18,2,0
九品寺６丁目,1003,454,549,59,86,92,104,78,81,79,109,125,149,135,87,63,76,56,31,22,15,8,2,0
黒髪１丁目,1231,600,631,59,74,62,114,142,143,139,109,120,127,104,102,109,88,104,78,76,57,23,1,0
黒髪２丁目,1574,778,796,71,63,73,97,353,197,158,157,124,108,94,133,128,160,122,107,87,68,40,8,4
黒髪３丁目,757,344,413,31,31,23,78,151,77,83,63,54,51,57,77,64,57,44,55,57,37,9,0,2
黒髪４丁目,1141,583,558,62,52,60,79,225,139,110,106,111,94,91,84,96,102,94,81,53,55,18,10,2
黒髪５丁目,1975,982,993,100,95,89,141,261,191,211,157,172,139,204,163,209,203,200,153,131,84,44,9,1
黒髪６丁目,0,0,0,0,0,0,0,0,0,0,0,0,0,0,0,0,0,0,0,0,0,0,0,0
黒髪７丁目（北区）,109,61,48,14,4,1,10,16,16,23,12,7,12,3,12,8,13,3,6,7,2,1,0,0
黒髪７丁目（中央区）,0,0,0,0,0,0,0,0,0,0,0,0,0,0,0,0,0,0,0,0,0,0,0,0
黒髪８丁目,0,0,0,0,0,0,0,0,0,0,0,0,0,0,0,0,0,0,0,0,0,0,0,0
黒髪町大字坪井,0,0,0,0,0,0,0,0,0,0,0,0,0,0,0,0,0,0,0,0,0,0,0,0
神水１丁目,1837,786,1051,101,104,158,139,126,130,112,158,169,173,175,202,167,144,144,110,130,89,66,17,9
神水２丁目,731,348,383,54,39,62,51,48,75,73,69,105,77,83,67,73,72,45,40,28,11,5,2,0
神水本町,73,38,35,2,0,5,1,4,15,10,12,12,7,6,7,7,7,8,5,0,1,2,0,0
神水本町（中央区）,1601,729,872,63,112,131,162,112,82,84,110,169,223,200,170,153,146,116,110,76,71,32,7,1
慶徳堀町,203,87,116,17,13,11,7,21,27,23,27,44,31,24,11,21,0,5,3,4,0,1,0,0
健軍１丁目,1397,620,777,118,92,104,90,88,114,150,132,165,151,171,117,131,106,94,63,74,32,18,2,5
健軍２丁目,1031,459,572,61,81,73,95,84,123,103,117,111,108,104,116,90,57,57,58,22,21,9,0,0
健軍３丁目,2700,1284,1416,195,194,222,226,201,257,275,289,327,293,314,281,259,201,164,122,88,56,15,5,0
健軍４丁目,1889,854,1035,145,116,116,135,124,209,194,194,216,216,145,177,181,173,139,114,74,53,20,2,0
健軍５丁目,176,82,94,7,18,11,11,8,10,17,19,14,13,24,16,9,17,21,14,12,15,1,1,0
健軍本町,2551,1215,1336,182,224,258,248,192,177,241,253,334,296,299,241,258,164,133,121,71,54,14,6,0
小糸山町,383,193,190,28,38,23,37,35,30,49,31,68,47,39,35,38,27,22,18,6,4,1,0,0
幸田１丁目,535,260,275,54,47,41,26,39,61,49,61,46,47,62,48,46,42,42,34,28,12,5,3,2
幸田２丁目,743,365,378,118,67,73,43,41,89,91,83,85,77,76,47,71,38,26,40,24,14,2,3,0
紺屋阿弥陀寺町,13,6,7,0,0,0,0,0,1,4,0,2,0,0,1,3,0,1,4,1,2,0,0,0
紺屋今町,98,39,59,8,0,8,12,5,9,16,11,4,15,4,5,7,6,11,7,5,2,1,1,0
紺屋町１丁目,91,43,48,12,12,13,6,3,2,14,12,24,14,0,11,4,5,1,1,0,0,0,0,0
紺屋町２丁目,44,21,23,2,2,1,2,4,9,3,10,3,2,2,3,5,0,3,6,6,2,0,0,0
紺屋町３丁目,95,42,53,6,5,5,4,11,11,7,24,3,12,12,2,8,3,2,12,10,0,0,0,0
子飼本町,612,290,322,29,53,21,37,90,44,54,94,55,48,37,59,59,49,42,42,32,36,18,3,0
国府１丁目,1274,575,699,71,69,59,59,79,132,102,122,125,120,134,153,132,119,111,89,90,51,25,6,1
国府２丁目,2096,896,1200,142,170,156,164,128,135,179,189,205,184,186,204,184,183,163,137,138,96,34,15,0
国府３丁目,2837,1320,1517,161,177,226,265,215,215,235,280,346,309,343,298,300,256,178,140,118,60,26,7,2
国府４丁目,1207,569,638,75,78,94,103,85,77,127,94,119,136,134,138,158,112,54,58,60,53,14,5,2
国府本町,503,228,275,41,25,38,30,26,30,65,62,67,49,38,33,43,48,34,29,39,14,12,6,2
小沢町,0,0,0,0,0,0,0,0,0,0,0,0,0,0,0,0,0,0,0,0,0,0,0,0
古城町,47,20,27,2,2,0,0,4,0,0,3,1,4,5,5,9,7,7,7,8,2,1,0,0
壺川１丁目,776,350,426,30,54,41,49,63,35,66,85,75,72,60,73,110,71,72,62,46,44,9,8,1
壺川２丁目,654,308,346,49,70,45,58,56,48,50,74,58,78,42,59,63,43,45,45,41,23,12,1,2
湖東１丁目（中央区）,89,45,44,21,17,5,1,2,6,8,19,13,0,14,4,5,5,0,5,3,5,0,1,0
湖東１丁目（東区）,397,194,203,31,21,28,38,18,42,33,33,42,45,56,57,40,31,12,18,21,18,7,0,0
湖東２丁目,1140,522,618,54,54,60,92,84,121,90,89,97,87,92,103,105,137,121,111,72,55,27,11,0
湖東３丁目,834,389,445,39,43,43,44,44,78,90,67,65,89,77,85,110,57,87,69,77,42,10,6,1
琴平１丁目,799,369,430,36,51,47,35,66,107,93,74,69,72,62,51,77,67,64,77,74,29,14,1,2
琴平２丁目,947,459,488,57,69,89,62,84,97,114,102,90,78,96,79,99,95,61,55,34,28,11,6,0
琴平本町,1481,660,821,75,56,59,73,129,179,126,130,165,113,122,139,199,149,107,109,103,65,30,10,3
呉服町１丁目,84,38,46,2,7,2,2,8,5,6,9,12,5,11,3,6,6,19,10,6,3,0,0,0
呉服町２丁目,233,91,142,21,3,10,13,30,28,40,23,36,21,26,12,15,24,8,10,0,4,0,0,0
呉服町３丁目,271,116,155,24,26,28,15,10,17,30,43,48,30,21,14,26,17,18,6,3,6,5,0,0
米屋町１丁目,503,211,292,44,53,40,32,30,35,45,68,74,67,60,37,41,32,28,7,15,6,0,0,0
米屋町２丁目,247,107,140,17,5,12,18,14,12,20,24,22,27,33,38,26,24,19,21,14,6,1,1,0
米屋町３丁目,214,86,128,6,6,27,26,9,18,18,18,15,18,32,12,30,28,8,9,11,3,5,1,0
御領１丁目,1421,679,742,133,110,115,116,101,163,145,157,161,144,126,128,141,131,85,51,42,29,17,3,2
御領２丁目,1360,652,708,110,100,99,81,94,129,149,172,171,105,99,121,125,143,123,93,48,34,14,2,0
御領３丁目,1499,730,769,128,128,159,129,114,134,167,171,200,151,101,110,143,142,95,82,37,24,13,1,0
御領４丁目,269,120,149,24,12,20,11,32,26,25,23,24,27,42,22,32,17,20,16,8,7,1,0,0
御領５丁目,1028,515,513,119,61,61,91,68,164,158,141,104,90,56,88,110,66,62,35,46,15,6,1,1
御領６丁目,384,196,188,46,22,15,25,32,83,77,47,54,38,34,30,17,30,5,15,5,5,0,0,0
御領７丁目,485,255,230,62,59,22,42,42,87,84,92,58,47,30,33,31,7,14,12,11,5,2,0,0
護藤町,1469,709,760,112,112,96,93,86,103,121,143,138,113,144,139,178,176,112,113,83,74,28,8,6
細工町１丁目,129,56,73,5,5,8,10,17,23,17,3,12,18,10,11,4,11,5,11,11,3,1,0,0
細工町２丁目,64,32,32,6,5,4,4,8,4,10,5,5,9,6,7,6,2,7,0,1,7,0,0,0
細工町３丁目,157,63,94,8,0,11,4,11,24,4,15,14,13,12,16,11,20,16,20,7,11,2,1,0
細工町４丁目,219,96,123,11,15,14,9,13,19,13,16,21,29,22,23,23,41,16,14,7,5,2,2,0
細工町５丁目,45,22,23,4,5,1,0,7,0,2,9,5,6,3,3,6,6,4,2,2,2,0,0,0
栄町,523,235,288,30,33,54,36,42,34,33,41,49,47,48,42,56,43,45,35,39,29,18,3,1
桜木１丁目,851,404,447,54,56,99,105,64,45,75,96,117,108,73,75,64,63,45,52,28,20,15,1,0
桜木２丁目,761,358,403,61,66,64,64,53,66,62,88,82,77,64,59,89,59,52,56,30,22,3,2,0
桜木３丁目,914,449,465,89,83,95,96,56,62,103,90,114,96,93,76,78,62,48,35,45,27,11,3,1
桜木４丁目,1515,717,798,155,152,134,121,124,126,145,185,159,165,145,141,157,106,72,49,57,34,4,0,1
桜木５丁目,929,454,475,99,108,106,70,79,67,90,92,147,114,75,94,47,59,45,50,23,13,3,2,0
桜木６丁目,41,19,22,3,2,2,0,4,3,2,2,5,3,4,2,6,0,3,7,6,5,1,0,0
桜町,298,128,170,7,5,8,14,29,55,43,22,33,30,24,22,26,34,33,13,12,10,5,0,1
佐土原１丁目,1600,777,823,81,100,115,170,170,141,111,133,132,194,226,216,193,147,102,62,41,31,8,3,1
佐土原２丁目,335,160,175,24,35,27,29,40,9,23,37,34,40,38,23,39,28,30,20,8,9,1,1,0
佐土原３丁目,285,141,144,45,48,28,20,6,20,25,59,43,23,18,13,21,18,14,10,7,5,0,2,1
三郎１丁目（中央区）,671,320,351,47,27,61,59,43,44,69,60,84,63,72,85,90,60,36,41,23,18,8,1,0
三郎１丁目（東区）,572,263,309,30,32,31,53,36,49,55,52,47,44,46,65,55,67,42,65,24,33,7,2,0
三郎２丁目,843,387,456,40,54,59,57,44,22,52,85,81,74,73,89,80,73,79,74,106,65,21,2,0
島崎１丁目,2673,1178,1495,204,156,244,181,216,233,257,315,290,252,274,237,243,190,168,160,128,71,22,5,5
島崎２丁目,2691,1259,1432,204,177,207,201,190,229,242,287,319,247,243,247,293,231,209,158,134,75,41,15,1
島崎３丁目,1239,579,660,67,94,93,82,62,65,101,131,115,112,101,101,163,145,118,91,84,60,24,7,2
島崎４丁目,963,458,505,49,45,94,95,63,62,61,97,136,107,87,98,122,86,49,51,67,30,16,6,0
島崎５丁目,1783,833,950,125,117,99,126,93,114,174,168,156,153,151,185,253,209,143,129,108,81,26,5,1
島崎６丁目,1665,699,966,119,117,110,113,99,117,131,146,154,121,114,149,194,172,141,118,93,90,46,16,4
島崎７丁目,624,302,322,14,27,37,41,41,31,33,45,44,48,70,65,137,111,43,76,38,19,4,2,0
清水亀井町,1015,444,571,79,101,110,163,64,63,86,88,106,108,64,61,76,97,58,59,37,28,8,2,1
清水東町,1325,622,703,89,85,87,87,78,121,149,160,146,105,111,101,99,142,120,90,86,62,24,5,0
清水本町,1488,706,782,88,117,121,109,102,87,132,172,158,164,143,127,169,149,101,99,77,56,17,4,2
清水町大字打越,0,0,0,0,0,0,0,0,0,0,0,0,0,0,0,0,0,0,0,0,0,0,0,0
清水町大字松崎,0,0,0,0,0,0,0,0,0,0,0,0,0,0,0,0,0,0,0,0,0,0,0,0
清水町大字室園,17,9,8,0,5,3,0,0,0,0,7,7,0,0,0,1,3,0,0,0,0,0,0,0
清水万石１丁目,874,395,479,47,46,56,74,58,56,73,103,86,88,72,69,82,111,83,81,46,19,14,4,1
清水万石２丁目,144,63,81,5,6,4,10,8,8,4,8,25,14,13,12,13,18,18,17,9,14,1,0,0
清水万石３丁目,520,241,279,14,8,29,42,43,32,32,47,49,63,39,54,50,73,53,56,46,23,7,1,0
清水万石４丁目,1057,476,581,83,93,97,76,48,63,62,125,104,87,83,72,85,120,113,98,63,34,19,6,2
清水万石５丁目,1188,573,615,106,101,81,108,103,143,133,129,115,122,110,124,138,99,58,45,22,15,7,1,1
下硯川町,1081,516,565,95,62,62,84,109,124,108,105,98,97,99,120,128,91,74,60,43,22,12,4,0
下通１丁目,158,73,85,4,4,8,8,10,6,13,21,12,13,27,23,11,17,19,10,14,9,2,0,0
下通２丁目,283,135,148,16,17,5,10,16,28,44,46,26,22,22,35,31,20,16,20,23,8,13,0,0
下南部１丁目,347,169,178,52,29,12,15,18,36,69,50,28,26,24,15,27,33,33,25,10,7,6,1,0
下南部２丁目,1504,725,779,133,120,157,124,101,130,188,146,162,132,129,131,158,138,110,70,55,31,13,1,0
下南部３丁目,1342,658,684,116,92,82,85,90,147,191,198,148,124,120,116,137,105,90,62,57,26,14,0,0
十禅寺１丁目,560,261,299,47,48,37,46,47,47,56,78,81,48,57,28,53,46,38,23,29,9,3,0,0
十禅寺２丁目,143,58,85,2,2,9,10,10,4,4,8,8,6,4,16,9,7,20,13,26,19,15,8,1
十禅寺３丁目,0,0,0,0,0,0,0,0,0,0,0,0,0,0,0,0,0,0,0,0,0,0,0,0
城山上代町,0,0,0,0,0,0,0,0,0,0,0,0,0,0,0,0,0,0,0,0,0,0,0,0
城東町,947,448,499,25,38,45,64,47,47,53,85,62,74,81,105,162,131,101,82,88,63,27,14,1
昭和町,0,0,0,0,0,0,0,0,0,0,0,0,0,0,0,0,0,0,0,0,0,0,0,0
白石町,356,168,188,7,22,21,23,20,28,25,24,35,36,23,45,43,47,39,29,25,27,2,3,0
新大江１丁目,1721,791,930,106,103,141,146,201,157,141,154,169,185,187,182,198,151,104,69,61,44,10,3,0
新大江２丁目,1572,727,845,121,116,120,118,160,135,139,150,202,177,161,124,115,103,103,96,71,66,17,4,1
新大江３丁目,1925,900,1025,108,120,134,186,194,171,187,175,167,207,204,198,203,186,101,105,85,58,30,6,0
新鍛冶屋町,0,0,0,0,0,0,0,0,0,0,0,0,0,0,0,0,0,0,0,0,0,0,0,0
新市街,142,55,87,12,2,4,6,21,13,17,22,3,6,15,14,12,13,8,15,6,6,2,0,0
新生１丁目,1340,620,720,73,85,73,101,117,109,127,124,158,153,126,113,132,125,92,82,66,67,26,9,2
新生２丁目,721,341,380,30,31,45,39,45,27,54,59,73,65,64,77,106,117,64,45,46,42,25,6,2
新土河原１丁目,787,374,413,58,70,63,52,51,64,82,103,87,83,62,76,82,77,49,50,31,18,1,2,0
新土河原２丁目,715,334,381,76,52,42,42,31,86,101,102,92,60,51,39,68,63,59,42,24,9,7,3,0
新南部１丁目,235,127,108,21,10,12,9,16,26,25,35,16,29,10,25,18,27,35,21,21,5,1,0,0
新南部２丁目,669,321,348,39,52,37,50,68,48,69,69,67,50,60,65,68,63,36,53,44,26,15,11,0
新南部３丁目,1238,630,608,82,82,100,86,154,152,164,155,141,105,92,92,134,88,75,64,53,28,12,7,2
新南部４丁目,376,199,177,40,17,10,23,30,42,52,43,36,39,24,55,51,31,26,21,22,7,4,2,0
新南部５丁目,1166,549,617,65,69,89,131,117,86,76,93,141,160,155,129,124,90,53,54,39,33,11,0,0
新南部６丁目,257,132,125,8,7,19,20,33,35,36,27,35,24,20,31,27,11,21,10,13,10,2,0,0
新外１丁目,477,229,248,61,39,32,29,43,60,74,61,56,42,32,45,28,32,28,19,16,3,6,0,0
新外２丁目,355,170,185,14,25,25,37,34,26,27,27,33,36,43,40,55,25,31,12,24,5,4,2,0
新外３丁目,1009,480,529,65,69,57,68,81,94,99,120,124,82,117,93,122,87,77,52,49,20,13,0,0
新外４丁目,517,257,260,38,50,48,53,42,31,39,50,74,60,34,58,57,38,47,30,14,5,6,0,0
新町１丁目,1671,731,940,105,94,104,105,120,132,148,194,194,190,188,174,214,159,94,64,65,43,9,6,0
新町２丁目,802,334,468,52,33,33,59,56,72,76,110,81,88,64,58,80,75,69,43,46,22,13,4,2
新町３丁目,1643,729,914,113,99,102,117,138,185,153,183,182,171,164,152,124,142,117,103,57,45,23,2,0
新町４丁目,1459,648,811,65,71,72,63,151,218,174,187,155,116,140,122,149,126,89,70,59,50,25,4,1
新港１丁目,0,0,0,0,0,0,0,0,0,0,0,0,0,0,0,0,0,0,0,0,0,0,0,0
新屋敷１丁目,1628,705,923,113,134,153,133,117,150,110,158,220,273,163,162,113,73,73,58,69,35,22,4,0
新屋敷２丁目,1393,631,762,70,91,98,104,166,166,142,142,124,120,134,135,141,87,83,88,57,52,20,2,2
新屋敷３丁目,915,408,507,69,79,78,64,92,73,50,129,125,90,76,86,61,76,47,48,33,33,11,3,0
水源１丁目,774,342,432,35,43,49,40,44,42,46,58,60,70,45,75,109,91,91,84,63,39,23,9,0
水源２丁目,431,193,238,18,18,41,17,22,38,34,32,36,29,27,47,53,54,54,36,27,21,19,0,1
水前寺１丁目,3126,1353,1773,209,203,197,211,259,331,285,381,409,310,330,292,241,270,182,145,112,80,25,5,2
水前寺２丁目,1432,660,772,98,74,78,90,91,123,138,157,195,152,135,146,162,130,81,74,82,59,19,6,2
水前寺３丁目,3091,1376,1715,163,162,185,247,298,336,261,290,356,302,343,342,259,254,201,166,159,94,41,6,2
水前寺４丁目,2060,942,1118,151,145,122,158,112,155,182,204,222,171,177,228,244,203,154,106,119,86,45,14,4
水前寺５丁目,1333,639,694,83,96,67,81,103,125,117,144,147,159,150,126,143,105,87,93,68,43,30,5,0
水前寺６丁目,1337,647,690,135,63,68,60,81,148,189,142,143,118,112,114,170,100,113,74,67,60,14,11,2
水前寺公園,2635,1161,1474,212,212,205,199,167,158,209,277,344,309,237,224,242,205,182,148,117,95,44,7,3
水道町,971,392,579,67,59,40,62,50,54,74,118,135,129,85,94,100,89,83,51,37,26,9,1,0
菅原町,976,433,543,54,73,42,67,90,95,115,111,115,87,68,85,74,98,67,84,40,30,9,2,3
硯川町,617,296,321,24,41,39,56,39,21,61,38,56,49,53,54,78,80,71,61,43,39,8,2,0
砂原町,1455,677,778,100,92,112,111,113,117,144,165,142,123,113,124,193,177,109,63,62,52,17,2,1
銭塘町,1083,497,586,52,57,93,72,70,66,90,83,67,98,85,120,151,106,122,69,89,61,24,5,0
船場町２丁目,139,56,83,5,5,3,3,23,31,23,19,22,13,16,11,7,3,7,2,0,2,0,0,0
船場町３丁目,252,114,138,10,4,16,15,41,46,35,18,18,35,38,22,15,16,15,4,12,0,4,2,0
船場町下１丁目,288,127,161,18,19,15,18,16,25,18,14,19,17,27,38,28,30,29,34,20,14,15,1,0
高平１丁目,1708,790,918,99,122,151,115,97,92,119,155,181,145,184,134,193,209,166,141,114,59,20,2,0
高平２丁目,1361,647,714,114,110,87,119,84,132,114,187,137,105,119,103,135,156,101,94,68,32,8,3,0
高平３丁目,1578,752,826,78,89,136,101,119,118,129,144,181,135,186,150,158,186,143,121,76,55,17,4,4
田崎１丁目,727,348,379,46,55,38,51,56,79,83,86,62,104,84,65,61,50,49,48,33,16,7,2,0
田崎２丁目,991,422,569,49,64,56,104,72,42,77,76,101,91,71,90,115,125,116,75,61,17,10,1,0
田崎３丁目,1392,576,816,53,91,90,109,72,65,110,93,108,126,116,102,180,179,150,149,107,52,10,5,1
田崎本町,518,228,290,14,19,13,36,32,44,45,40,61,59,45,60,68,50,46,42,29,34,5,3,1
田崎町,623,287,336,38,31,43,32,39,63,45,80,56,55,43,49,74,94,47,44,40,18,15,3,1
龍田町弓削,285,142,143,25,26,34,17,12,30,21,47,38,19,21,23,37,31,15,11,12,6,1,1,0
谷尾崎町,1428,671,757,81,87,98,89,80,71,104,134,135,124,115,115,158,157,177,163,108,66,32,5,0
段山本町,217,99,118,16,12,8,11,18,23,11,27,23,16,17,16,35,31,20,1,13,8,7,2,1
田迎１丁目,540,259,281,58,64,47,37,45,28,25,67,85,72,43,43,42,31,38,30,25,13,6,0,0
田迎２丁目,879,422,457,140,127,70,62,67,109,140,119,86,83,62,64,55,34,26,24,13,13,6,1,0
田迎３丁目,802,401,401,80,84,75,67,66,79,82,114,91,87,58,63,82,71,33,35,20,12,3,0,1
田迎４丁目,536,249,287,33,35,42,53,41,48,60,64,62,58,57,50,41,34,42,28,9,20,6,2,0
田迎５丁目,599,280,319,60,40,56,56,47,62,75,86,82,63,47,53,41,29,31,31,13,4,3,0,0
田迎６丁目,602,275,327,46,43,72,41,29,36,64,68,74,46,50,80,76,67,35,33,1,11,5,0,0
田迎町大字田井島,37,18,19,1,2,4,1,3,9,3,3,3,1,3,3,12,0,3,3,1,0,0,0,0
田迎町大字良町,0,0,0,0,0,0,0,0,0,0,0,0,0,0,0,0,0,0,0,0,0,0,0,0
太郎迫町,268,118,150,8,7,18,30,35,9,3,13,28,30,30,19,23,37,26,28,18,11,10,3,0
近見１丁目,1099,517,582,86,61,99,80,75,89,107,112,127,114,105,76,90,122,87,74,67,23,14,8,0
近見２丁目,1108,513,595,91,86,91,69,55,92,118,119,128,99,88,84,111,94,77,79,67,53,14,5,1
近見３丁目,1013,481,532,80,88,86,90,92,92,90,131,119,102,89,95,97,60,51,63,37,22,7,3,0
近見４丁目,790,381,409,84,63,95,72,53,100,88,101,98,62,78,61,58,52,30,23,34,13,5,1,0
近見５丁目,1503,701,802,127,132,148,85,118,116,158,180,187,143,141,135,150,112,88,65,59,44,11,3,2
近見６丁目,0,0,0,0,0,0,0,0,0,0,0,0,0,0,0,0,0,0,0,0,0,0,0,0
近見７丁目,624,296,328,73,50,36,22,49,89,109,118,78,63,38,52,47,25,28,25,13,4,1,0,0
近見８丁目,1853,849,1004,218,182,215,145,137,224,265,272,239,208,119,99,103,67,72,56,54,20,5,2,0
近見９丁目,78,38,40,13,4,6,8,6,14,8,20,8,12,5,0,1,2,6,1,2,0,0,0,0
近見町,77,28,49,1,6,4,11,0,3,7,4,11,8,7,2,12,9,7,8,2,2,1,0,0
千葉城町,525,243,282,79,48,39,23,32,34,80,105,87,53,41,42,38,25,19,12,6,3,1,0,1
中央街,423,211,212,35,19,15,8,34,47,55,68,75,63,44,38,40,32,14,17,12,12,2,4,0
月出１丁目,1580,769,811,121,139,167,110,168,139,128,242,249,189,148,158,100,69,86,61,51,20,2,2,0
月出２丁目,1794,846,948,99,104,152,172,183,202,162,160,161,228,281,242,186,120,76,52,29,15,14,1,1
月出３丁目,556,271,285,34,40,24,45,56,55,56,50,55,51,52,71,72,69,27,34,19,15,2,0,0
月出４丁目,1695,808,887,166,83,81,105,148,248,220,177,128,161,201,211,215,131,85,57,36,37,11,2,0
月出５丁目,591,283,308,14,39,83,49,42,39,47,61,71,65,75,59,49,60,36,32,33,12,6,2,0
月出６丁目,1361,623,738,79,70,99,182,153,120,142,123,145,122,100,148,170,111,73,66,47,15,16,2,1
月出７丁目,686,317,369,44,38,44,63,73,64,66,86,71,69,88,102,82,37,28,14,18,9,7,0,0
月出８丁目,408,206,202,28,22,16,28,46,56,50,39,36,34,56,34,63,23,31,28,13,8,1,2,0
津浦町,1778,871,907,115,135,118,125,113,140,148,136,180,188,152,180,193,170,171,144,138,61,32,9,1
坪井１丁目,941,415,526,33,47,55,54,85,128,95,120,124,118,95,69,64,64,59,51,45,36,8,5,1
坪井２丁目,784,330,454,41,28,42,52,62,79,89,59,86,80,88,83,77,73,50,31,51,30,10,2,1
坪井３丁目,841,358,483,28,47,38,41,55,75,73,63,70,54,89,85,97,89,65,72,72,57,27,1,1
坪井４丁目,709,332,377,24,27,20,23,49,87,76,77,69,42,59,75,96,66,71,57,68,28,15,12,0
坪井５丁目,903,416,487,39,59,48,44,43,92,87,82,84,77,72,72,130,106,84,70,59,51,15,5,0
坪井６丁目,78,32,46,5,5,5,5,5,9,16,6,2,4,6,6,11,13,10,1,1,0,0,0,0
鶴羽田町,591,272,319,85,57,54,47,45,53,69,79,51,50,53,51,40,39,24,20,27,9,10,0,0
手取本町,32,14,18,1,0,0,1,2,1,0,7,2,0,2,5,5,7,7,0,1,4,0,1,0
出町,1083,477,606,73,80,94,76,64,75,70,133,117,160,89,89,96,103,72,66,52,30,17,3,1
通町,56,25,31,0,0,0,3,16,21,10,7,9,2,6,1,1,2,0,3,0,0,0,0,0
土河原町,884,429,455,50,154,137,102,61,20,36,130,150,139,102,45,42,38,42,29,20,10,6,0,0
徳王町,62,32,30,1,5,4,2,3,4,2,5,11,6,8,7,4,14,3,10,0,4,1,0,0
戸坂町,888,419,469,64,90,64,70,62,58,90,96,81,76,52,100,110,75,66,57,53,22,17,3,1
戸島町,540,261,279,43,37,49,36,38,55,32,48,61,49,48,49,59,35,57,41,37,16,7,3,1
渡鹿１丁目,1113,566,547,108,116,100,106,77,82,90,132,168,113,137,146,74,69,36,37,39,31,16,2,0
渡鹿２丁目,425,201,224,26,24,20,36,38,29,51,23,29,45,41,60,37,32,26,25,40,28,13,2,1
渡鹿３丁目,1070,500,570,50,84,78,95,143,101,83,112,85,100,88,99,101,100,55,61,73,44,13,5,0
渡鹿４丁目,811,404,407,51,57,48,55,95,72,92,87,76,88,73,58,89,55,55,56,61,28,16,3,0
渡鹿５丁目,1118,551,567,46,46,60,103,200,191,99,107,86,89,84,110,109,100,55,69,69,28,16,2,0
渡鹿６丁目,1325,703,622,66,52,99,105,165,150,153,136,145,136,125,167,154,136,75,53,35,53,18,5,0
渡鹿７丁目,1114,648,466,60,51,55,77,142,140,121,122,160,168,112,103,120,101,84,53,51,28,14,0,0
渡鹿８丁目,927,503,424,28,51,70,98,120,134,106,105,113,105,102,81,85,49,70,38,35,33,5,2,0
渡鹿９丁目,114,53,61,4,7,7,3,16,17,12,17,15,8,3,9,15,13,2,6,7,6,0,0,0
中江町,47,27,20,8,4,2,4,0,7,6,6,3,6,7,2,5,3,4,3,2,2,0,0,0
中島町,933,444,489,41,45,48,65,60,63,45,81,81,93,97,102,126,100,85,83,68,57,33,2,2
中唐人町,176,85,91,4,13,8,30,8,10,12,13,20,11,26,32,15,17,14,13,6,9,0,0,0
中原町,1070,492,578,83,69,77,74,77,46,91,86,104,82,119,97,119,102,116,84,77,41,14,4,0
長嶺西１丁目,1572,727,845,115,102,109,108,117,135,170,187,190,143,158,165,221,143,100,65,30,33,6,2,0
長嶺西２丁目,1553,753,800,94,93,120,111,126,111,150,161,184,147,129,176,197,158,130,105,60,30,18,3,3
長嶺西３丁目,271,136,135,36,23,15,6,11,36,34,36,28,13,24,27,35,28,10,21,15,6,1,2,0
長嶺東１丁目,1474,680,794,155,151,134,122,122,122,155,197,161,146,144,134,130,119,49,52,30,20,10,0,1
長嶺東２丁目,2185,1037,1148,88,144,183,195,160,166,183,205,179,180,201,296,358,298,157,96,70,50,10,2,1
長嶺東３丁目,884,429,455,82,85,132,94,63,86,66,101,130,63,99,82,84,49,29,30,19,9,8,2,0
長嶺東４丁目,1241,605,636,131,133,117,105,93,102,132,173,132,134,107,96,110,98,59,60,35,12,14,3,0
長嶺東５丁目,2656,1295,1361,330,243,232,206,198,280,337,319,280,217,229,254,261,186,128,95,95,43,13,5,0
長嶺東６丁目,1541,759,782,164,120,118,123,111,166,166,183,187,126,133,118,115,126,113,109,73,30,15,3,1
長嶺東７丁目,450,233,217,27,44,40,26,38,68,43,53,68,33,39,56,54,34,21,17,15,4,3,0,0
長嶺東８丁目,450,219,231,23,14,25,44,32,47,44,48,50,45,17,27,52,60,44,40,29,18,6,1,3
長嶺南１丁目,1235,585,650,113,66,71,89,94,170,158,124,140,119,87,89,152,111,66,80,55,25,9,2,0
長嶺南２丁目,720,349,371,63,56,43,47,59,86,67,82,81,63,51,65,77,72,56,52,30,15,4,0,0
長嶺南３丁目,2673,1224,1449,203,328,258,234,179,156,185,371,360,262,259,216,313,208,109,105,79,44,21,7,0
長嶺南４丁目,2008,972,1036,151,165,156,170,163,155,180,226,257,196,212,224,209,179,124,78,63,46,20,4,2
長嶺南５丁目,690,341,349,57,58,48,50,61,70,74,98,86,63,59,53,84,53,50,21,24,16,2,4,0
長嶺南６丁目,2202,1060,1142,191,226,241,154,128,174,214,292,303,165,211,224,246,156,94,69,84,61,26,2,1
長嶺南７丁目,1871,916,955,156,193,227,192,163,149,169,224,241,160,187,163,202,148,84,50,41,24,11,3,0
長嶺南８丁目,757,351,406,74,70,71,67,54,77,88,91,92,56,99,94,70,49,21,16,11,5,2,1,0
中無田町,509,244,265,26,29,22,11,40,42,32,52,37,20,47,71,65,68,53,33,54,29,18,3,1
並建町,754,366,388,55,53,40,42,55,53,55,59,67,48,79,79,97,91,72,74,56,28,12,5,0
西阿弥陀寺町,194,78,116,6,6,14,19,16,17,23,7,20,19,23,16,22,13,16,15,13,4,2,0,1
西梶尾町,1750,845,905,134,169,185,164,141,189,175,181,214,161,163,151,147,143,94,73,52,33,22,4,0
錦ケ丘,1524,718,806,104,164,130,105,103,151,168,200,216,175,126,154,103,116,90,48,55,23,7,4,0
西子飼町,299,125,174,9,5,15,18,13,28,21,27,12,22,25,29,41,40,20,41,27,18,11,1,1
西唐人町,46,19,27,2,0,2,3,0,1,2,7,14,0,2,6,2,8,7,6,1,1,0,0,1
西原１丁目,938,444,494,87,76,70,68,79,68,108,117,112,76,91,72,72,69,31,71,69,30,10,3,3
西原２丁目,918,416,502,51,55,57,81,55,68,71,66,100,88,75,75,90,56,67,108,103,53,12,3,0
西原３丁目,901,371,530,25,58,72,103,67,34,54,76,102,101,66,62,82,93,114,73,50,29,10,1,0
二の丸,0,0,0,0,0,0,0,0,0,0,0,0,0,0,0,0,0,0,0,0,0,0,0,0
二本木１丁目,182,89,93,5,4,3,6,11,20,23,8,18,11,14,21,15,43,22,21,11,7,6,2,0
二本木２丁目,628,280,348,26,21,27,31,54,62,46,62,58,62,46,53,71,64,67,55,49,28,19,6,1
二本木３丁目,693,333,360,68,37,29,38,27,69,94,72,78,56,42,53,77,86,60,45,50,32,11,2,0
二本木４丁目,839,376,463,54,33,50,60,62,64,76,69,69,65,73,79,85,105,71,80,61,37,16,6,0
二本木５丁目,0,0,0,0,0,0,0,0,0,0,0,0,0,0,0,0,0,0,0,0,0,0,0,0
沼山津１丁目,1051,499,552,65,64,95,82,91,101,91,123,89,98,102,113,108,106,71,63,51,23,13,1,0
沼山津２丁目,966,456,510,74,61,41,55,69,73,121,89,101,76,85,133,127,100,60,67,49,20,17,4,0
沼山津３丁目,1131,527,604,86,69,76,82,60,122,113,130,93,83,95,130,136,86,73,84,65,46,23,5,1
沼山津４丁目,536,248,288,68,32,25,33,30,64,57,45,46,51,56,45,43,55,29,33,38,23,9,0,2
野口町,0,0,0,0,0,0,0,0,0,0,0,0,0,0,0,0,0,0,0,0,0,0,0,0
野田１丁目,797,379,418,70,63,59,31,51,43,65,78,88,60,44,99,98,88,58,58,69,33,16,4,1
野田２丁目,0,0,0,0,0,0,0,0,0,0,0,0,0,0,0,0,0,0,0,0,0,0,0,0
野田３丁目,746,361,385,42,81,60,52,47,66,74,85,58,57,59,93,113,75,53,43,32,12,3,2,0
野中１丁目,671,309,362,57,26,53,68,74,58,60,58,61,77,72,65,49,45,39,52,42,16,4,3,1
野中２丁目,736,352,384,46,56,58,41,54,107,61,77,76,62,68,68,83,59,49,55,40,19,7,2,0
野中３丁目,376,180,196,39,23,24,23,19,49,61,66,33,44,27,24,26,32,26,13,15,6,3,3,0
乗越ヶ丘,0,0,0,0,0,0,0,0,0,0,0,0,0,0,0,0,0,0,0,0,0,0,0,0
萩原町,3276,1452,1824,283,189,224,231,258,227,333,336,299,288,332,310,410,335,235,184,129,81,32,10,2
白山１丁目,435,194,241,36,35,25,33,60,58,43,46,52,59,42,37,25,20,10,23,14,6,4,1,0
白山２丁目,629,280,349,47,22,18,17,59,110,106,57,56,46,74,43,62,47,37,45,30,23,7,2,1
白山３丁目,365,171,194,7,20,13,22,44,55,36,50,34,44,26,33,37,35,23,17,15,15,7,3,0
八景水谷１丁目,1116,532,584,73,54,80,73,64,83,96,84,111,109,105,92,124,127,105,98,93,48,23,6,0
八景水谷２丁目,3355,2100,1255,290,243,235,452,1072,770,392,282,329,265,258,150,152,133,126,107,84,83,28,1,3
八景水谷３丁目,1397,615,782,69,77,104,87,76,85,125,138,133,108,125,133,199,138,110,122,102,60,16,5,0
八景水谷４丁目,899,426,473,93,60,49,78,73,101,100,104,101,106,85,87,58,68,62,47,30,18,4,0,1
畠口町,731,351,380,46,74,33,42,39,62,63,58,52,43,63,93,107,93,45,59,57,38,13,2,0
八王寺町（中央区）,4379,2027,2352,420,239,250,344,347,539,561,577,500,435,379,343,427,354,286,161,117,79,28,19,1
八王寺町,62,31,31,3,2,1,11,10,2,13,10,3,9,5,6,10,4,2,0,2,0,0,0,0
八反田１丁目,753,362,391,65,46,39,40,36,59,84,102,91,74,50,59,71,71,86,51,51,27,7,5,1
八反田２丁目,1542,753,789,111,100,118,130,85,116,150,167,180,145,168,161,169,159,150,82,60,26,11,4,3
八反田３丁目,1465,709,756,87,121,146,122,122,113,121,141,195,128,133,178,168,125,97,68,60,36,12,1,0
花園１丁目,824,405,419,58,53,52,61,70,76,89,94,105,88,65,83,99,56,45,59,47,18,9,2,0
花園２丁目,518,217,301,19,17,18,26,48,46,53,44,37,52,28,39,71,53,31,50,42,34,22,4,1
花園３丁目,1433,671,762,87,70,45,102,67,118,158,135,157,144,113,145,165,141,150,127,85,66,22,7,0
花園４丁目,666,308,358,40,49,43,40,26,59,69,69,69,54,47,50,94,96,61,47,30,18,7,6,0
花園５丁目,2374,1084,1290,151,145,166,185,257,202,237,243,197,202,176,215,273,207,199,171,109,87,25,10,1
花園６丁目,2017,956,1061,68,106,150,193,163,118,121,155,175,141,190,215,235,231,242,165,147,96,48,12,2
花園７丁目,2966,1391,1575,118,139,141,176,203,216,217,205,271,215,230,292,384,399,344,316,281,125,64,18,3
花立１丁目,427,201,226,24,33,37,44,23,23,39,47,33,48,56,25,44,43,24,29,26,21,7,2,0
花立２丁目,975,465,510,95,69,82,65,71,98,99,99,111,86,102,75,91,75,56,57,56,36,15,1,1
花立３丁目,1210,566,644,85,91,87,122,76,102,116,118,136,105,120,83,154,90,76,70,74,42,20,8,1
花立４丁目,737,375,362,78,82,80,48,66,90,98,91,96,57,45,43,61,50,34,40,35,8,8,2,0
花立５丁目,1656,797,859,110,94,150,211,157,107,127,158,168,172,211,167,167,118,117,97,66,46,10,0,0
花立６丁目,1743,845,898,146,163,156,151,126,115,129,206,221,158,159,169,169,149,124,99,81,46,20,1,0
花畑町,51,20,31,0,0,1,4,5,3,1,7,3,7,2,8,7,5,4,5,4,5,0,0,0
八分字町,3256,1541,1715,300,320,292,281,232,237,313,323,382,333,267,290,329,256,190,199,116,102,27,5,3
浜口町,610,271,339,36,39,28,41,46,43,62,41,43,53,48,89,71,74,57,36,34,26,11,2,1
春竹町大字春竹,359,173,186,25,28,21,16,29,22,33,37,28,36,26,43,48,48,35,17,12,16,11,1,0
稗田町,490,215,275,37,42,36,41,13,23,27,45,53,48,46,36,45,51,53,31,41,24,11,1,1
東阿弥陀寺町,15,5,10,0,0,0,0,0,0,0,3,2,1,2,0,0,1,6,0,2,3,0,0,0
東京塚町（中央区）,97,56,41,0,5,6,8,14,6,16,10,9,10,12,5,8,18,9,10,4,3,0,0,0
東京塚町,927,442,485,58,69,77,89,65,62,57,98,93,92,93,85,81,73,60,65,80,52,17,2,1
東子飼町,799,379,420,50,40,62,74,56,57,59,81,94,108,81,66,85,90,47,52,37,31,5,3,0
東野１丁目,1059,479,580,71,59,69,53,70,102,104,127,138,92,103,94,98,91,101,58,56,30,15,7,0
東野２丁目,801,349,452,52,27,54,54,48,55,57,80,84,61,58,60,116,81,76,76,52,42,13,4,0
東野３丁目,787,373,414,84,65,46,51,57,96,90,87,92,73,79,87,72,47,35,35,34,21,9,0,0
東野４丁目,409,208,201,23,21,44,43,35,38,38,32,67,47,46,26,29,22,33,33,24,14,2,0,0
東本町,2798,1195,1603,185,207,233,267,312,205,223,229,261,254,341,279,282,266,159,128,85,48,23,5,1
東町１丁目,410,336,74,0,0,0,84,285,253,55,25,24,14,6,0,0,0,0,0,0,0,0,0,0
東町２丁目,376,158,218,6,4,19,29,24,16,15,23,27,30,45,29,86,61,48,29,30,10,3,0,0
東町３丁目,3019,1409,1610,351,416,321,205,108,156,220,396,423,341,240,175,229,234,240,200,116,42,15,0,0
東町４丁目,4252,2055,2197,374,415,463,496,315,291,345,453,535,574,528,450,351,246,214,133,75,33,13,3,0
飛田１丁目,578,267,311,54,26,17,33,64,60,39,46,45,48,44,70,92,77,46,30,26,21,5,2,0
飛田２丁目,813,406,407,169,91,59,31,93,145,141,136,93,65,48,47,32,28,12,16,10,3,0,0,0
飛田３丁目,385,186,199,29,28,29,35,34,46,31,40,40,41,37,47,30,37,23,23,10,7,3,0,1
飛田４丁目,651,308,343,60,33,37,42,66,81,78,80,83,57,53,58,72,40,24,35,34,17,6,3,0
飛田町,51,25,26,7,0,2,8,5,5,8,5,8,5,2,5,2,5,2,1,3,3,0,0,0
日吉１丁目,1142,539,603,126,105,82,79,88,86,136,161,105,90,93,87,147,97,77,60,30,18,9,3,2
日吉２丁目,1106,524,582,87,65,68,90,104,110,115,119,138,85,101,116,121,100,84,45,46,22,13,1,0
平田１丁目,575,281,294,43,37,35,30,45,71,64,56,71,49,51,41,45,61,63,40,28,13,7,5,1
平田２丁目,755,376,379,86,86,52,52,55,92,115,122,104,69,55,59,57,32,34,25,16,14,3,3,0
平山町,291,129,162,26,26,18,10,15,30,18,29,17,25,29,34,36,24,23,25,12,13,10,0,0
広木町,0,0,0,0,0,0,0,0,0,0,0,0,0,0,0,0,0,0,0,0,0,0,0,0
古桶屋町,0,0,0,0,0,0,0,0,0,0,0,0,0,0,0,0,0,0,0,0,0,0,0,0
古川町,97,50,47,0,0,2,12,25,24,18,14,7,7,6,11,5,6,1,2,5,1,1,0,0
古京町,61,27,34,1,16,29,19,2,2,4,0,0,0,1,1,4,0,2,5,0,1,0,1,0
古大工町,59,22,37,4,2,1,6,5,5,3,4,8,5,6,2,5,6,4,8,5,1,1,0,0
平成１丁目（中央区）,142,63,79,24,12,7,13,10,18,29,27,6,14,9,6,11,9,3,2,1,4,0,0,0
平成１丁目（南区）,498,246,252,95,41,47,41,30,54,97,80,75,56,40,16,27,20,5,10,7,3,0,0,0
平成２丁目（中央区）,458,221,237,51,32,37,45,40,38,93,40,64,42,52,35,37,32,14,6,18,2,1,0,0
平成２丁目（南区）,62,21,41,4,10,0,0,0,5,1,9,6,6,7,1,1,5,1,4,8,7,4,4,0
平成３丁目,499,246,253,52,23,22,36,58,55,83,58,59,59,55,40,40,31,21,23,13,15,0,2,0
保田窪１丁目,1925,940,985,160,156,182,161,146,198,213,255,278,285,209,165,141,97,74,56,47,27,13,2,0
保田窪２丁目（中央区）,660,308,352,59,68,63,69,46,51,68,103,91,82,69,39,36,33,27,25,23,14,1,1,0
保田窪２丁目（東区）,402,190,212,45,29,54,50,29,34,40,39,57,72,40,31,21,5,20,13,9,2,1,1,0
保田窪３丁目,1337,631,706,134,81,78,101,105,126,164,122,171,143,127,120,107,118,70,64,69,51,11,6,0
保田窪４丁目,1324,630,694,105,84,92,108,88,102,141,156,140,141,115,100,146,111,99,111,54,42,15,4,0
保田窪５丁目,1556,748,808,135,101,84,89,170,236,210,215,178,116,150,143,118,124,63,72,51,33,12,4,0
保田窪本町,0,0,0,0,0,0,0,0,0,0,0,0,0,0,0,0,0,0,0,0,0,0,0,0
本荘１丁目,38,0,38,0,0,0,0,17,15,3,0,0,1,1,1,0,0,0,0,0,0,0,0,0
本荘２丁目,525,238,287,46,15,17,19,73,61,53,44,32,48,35,52,61,68,38,39,29,24,8,1,0
本荘３丁目,662,310,352,52,13,17,31,76,93,142,98,96,72,59,47,51,40,26,11,23,17,6,2,0
本荘４丁目,524,246,278,26,9,11,17,55,109,80,67,59,47,44,67,51,29,25,24,25,16,7,2,0
本荘５丁目,1057,475,582,36,34,45,57,100,126,123,110,105,104,92,86,113,109,87,81,59,42,16,7,0
本荘６丁目,808,394,414,41,44,34,43,90,105,71,86,87,72,54,71,87,73,67,93,43,26,12,3,0
本荘町,1230,578,652,85,62,90,109,139,175,112,156,137,110,109,91,115,113,68,52,46,14,21,4,0
本丸,0,0,0,0,0,0,0,0,0,0,0,0,0,0,0,0,0,0,0,0,0,0,0,0
孫代町,575,267,308,46,40,69,59,45,30,61,53,54,59,58,49,66,60,34,29,17,10,2,1,0
松尾町上松尾,2963,1417,1546,130,134,179,193,189,213,209,232,292,274,282,277,388,355,358,270,221,121,47,14,2
松尾町近津,435,194,241,15,13,18,20,15,35,26,27,31,24,31,67,68,49,40,43,39,44,18,6,0
松尾町平山,226,107,119,5,13,25,22,5,13,11,14,25,26,22,23,19,18,23,23,28,13,3,2,0
松原町,11,4,7,0,0,0,0,0,0,0,1,0,3,0,2,0,4,0,2,2,1,0,0,0
馬渡１丁目,797,387,410,129,107,82,46,74,65,102,118,152,85,88,53,33,21,8,13,5,3,0,0,0
馬渡２丁目,868,408,460,152,140,80,61,45,91,117,153,157,99,62,39,22,28,14,4,7,5,0,0,0
万楽寺町,284,132,152,24,19,11,15,11,9,19,29,24,27,29,35,49,30,19,30,19,9,4,3,1
貢町,803,400,403,35,62,57,76,47,62,57,59,62,92,74,81,106,85,56,73,70,31,12,5,1
美登里町,525,229,296,9,30,27,34,22,39,37,25,34,55,33,50,87,86,51,48,43,20,19,3,2
南熊本１丁目,408,195,213,7,8,6,13,39,65,54,50,38,40,35,24,66,36,36,47,19,11,8,1,0
南熊本２丁目,185,95,90,16,7,8,7,22,59,22,28,19,7,8,9,17,14,7,8,11,8,3,0,0
南熊本３丁目,259,128,131,12,3,7,4,37,58,28,20,22,16,32,30,29,28,18,13,16,8,5,1,0
南熊本４丁目,279,131,148,14,17,9,10,21,36,41,20,23,29,23,34,27,32,29,19,12,7,5,1,1
南熊本５丁目,656,292,364,82,18,27,38,36,96,97,91,58,62,70,46,43,56,50,30,24,19,5,0,0
南千反畑町,920,407,513,42,68,85,57,73,101,72,101,132,90,98,77,74,76,55,38,46,25,8,8,1
南高江１丁目,1641,778,863,102,112,91,125,109,144,167,168,143,179,183,166,209,156,113,107,84,37,20,3,1
南高江２丁目,1003,470,533,43,57,78,66,72,53,104,84,114,103,92,104,132,88,112,72,65,20,8,6,0
南高江３丁目,218,102,116,32,23,20,11,19,56,30,33,14,20,9,10,10,13,5,5,3,4,1,2,0
南高江４丁目,965,398,567,48,59,51,66,46,69,61,82,57,56,68,106,178,161,108,71,41,27,8,0,0
南高江５丁目,43,19,24,0,1,5,4,3,4,7,2,1,6,7,5,4,6,0,3,1,2,1,0,0
南高江６丁目,939,456,483,95,86,98,51,48,68,87,99,109,84,93,59,76,83,69,72,71,38,8,1,0
南高江７丁目,516,236,280,25,20,34,28,33,35,43,49,43,49,43,65,83,49,34,38,36,31,10,4,0
南高江町,0,0,0,0,0,0,0,0,0,0,0,0,0,0,0,0,0,0,0,0,0,0,0,0
南坪井町,538,214,324,16,17,15,17,36,60,41,74,69,39,33,55,60,66,58,40,28,21,6,0,1
南町,1068,494,574,81,83,68,68,88,72,98,95,103,99,116,87,112,105,70,88,78,29,19,3,0
宮内,122,65,57,8,15,21,21,10,2,5,13,21,11,15,17,9,4,5,3,2,4,0,1,0
御幸木部町,0,0,0,0,0,0,0,0,0,0,0,0,0,0,0,0,0,0,0,0,0,0,0,0
御幸西無田町,0,0,0,0,0,0,0,0,0,0,0,0,0,0,0,0,0,0,0,0,0,0,0,0
御幸笛田町,0,0,0,0,0,0,0,0,0,0,0,0,0,0,0,0,0,0,0,0,0,0,0,0
妙体寺町,415,183,232,18,11,15,22,62,47,49,44,29,36,29,42,52,27,22,35,22,22,8,6,0
迎町１丁目,614,274,340,32,12,16,42,70,108,84,66,72,38,47,51,43,64,42,44,27,19,9,1,1
迎町２丁目,298,145,153,29,14,30,27,22,15,34,29,25,33,24,30,28,24,27,24,17,5,6,0,0
武蔵ケ丘１丁目,779,358,421,58,65,61,65,43,38,56,107,98,65,74,53,66,96,60,47,40,34,7,2,2
武蔵ケ丘２丁目,798,388,410,46,63,71,58,55,30,35,65,117,89,45,46,73,70,110,110,65,25,9,4,0
武蔵ケ丘３丁目,547,250,297,6,15,31,40,24,23,27,36,52,45,40,52,69,105,93,84,36,12,7,0,0
武蔵ケ丘４丁目,594,277,317,14,23,55,31,25,19,17,26,67,59,47,44,79,110,99,82,50,16,6,2,0
武蔵ケ丘５丁目,890,406,484,53,48,77,61,49,41,32,67,84,96,60,54,62,102,134,128,94,34,13,7,0
武蔵ケ丘６丁目,1046,505,541,94,93,75,124,109,73,88,82,145,131,119,84,104,66,72,42,26,18,4,1,1
武蔵ケ丘７丁目,894,419,475,125,116,82,81,52,67,150,125,79,68,63,62,80,61,51,21,17,8,5,0,0
武蔵ケ丘８丁目,430,197,233,15,22,29,36,30,45,64,43,43,47,36,36,40,35,38,26,15,17,5,3,2
武蔵ケ丘９丁目,958,473,485,132,109,68,59,56,86,135,190,178,110,93,49,60,44,25,14,13,7,2,1,0
無田口町,396,183,213,14,33,32,21,21,30,22,31,39,18,33,38,60,52,46,31,27,16,11,3,1
室園町,0,0,0,0,0,0,0,0,0,0,0,0,0,0,0,0,0,0,0,0,0,0,0,0
室園町（中央区）,0,0,0,0,0,0,0,0,0,0,0,0,0,0,0,0,0,0,0,0,0,0,0,0
明徳町,653,316,337,48,45,49,56,41,66,57,85,72,51,71,59,79,50,51,31,32,13,11,2,0
元三町,0,0,0,0,0,0,0,0,0,0,0,0,0,0,0,0,0,0,0,0,0,0,0,0
元三町１丁目,31,14,17,6,3,2,1,0,3,13,0,7,0,0,0,3,1,5,0,0,0,1,0,0
元三町２丁目,498,225,273,59,39,25,36,32,59,57,47,38,40,47,49,51,50,32,23,18,17,3,1,0
元三町３丁目,475,213,262,24,25,31,30,41,46,23,39,47,32,36,59,56,57,44,27,40,20,10,1,0
元三町４丁目,0,0,0,0,0,0,0,0,0,0,0,0,0,0,0,0,0,0,0,0,0,0,0,0
元三町５丁目,46,24,22,2,9,2,3,2,2,8,4,6,1,3,3,5,8,6,3,0,2,1,0,0
本山１丁目,574,264,310,31,26,17,38,62,75,64,50,77,51,34,37,61,42,53,50,40,17,11,0,2
本山２丁目,316,158,158,19,15,11,20,27,23,53,29,35,26,34,30,29,42,27,24,19,5,5,0,1
本山３丁目,1021,460,561,95,98,87,78,56,85,119,175,138,81,56,74,67,65,61,70,38,18,16,4,0
本山４丁目,816,385,431,46,50,35,39,79,114,100,74,78,55,45,65,84,102,79,58,36,43,18,1,0
本山町,2161,1024,1137,194,152,174,196,136,162,273,321,289,282,202,190,195,139,114,81,49,19,11,4,2
薬園町,653,283,370,21,16,34,47,102,69,76,63,37,39,55,43,66,46,66,55,54,31,11,5,0
八島１丁目,298,134,164,6,13,9,12,26,28,22,17,25,28,24,25,24,50,47,33,20,15,3,2,3
八島２丁目,1199,526,673,56,73,84,77,83,100,103,89,125,104,77,137,149,130,129,96,61,36,13,2,1
八島町,0,0,0,0,0,0,0,0,0,0,0,0,0,0,0,0,0,0,0,0,0,0,0,0
八幡１丁目,0,0,0,0,0,0,0,0,0,0,0,0,0,0,0,0,0,0,0,0,0,0,0,0
八幡２丁目,0,0,0,0,0,0,0,0,0,0,0,0,0,0,0,0,0,0,0,0,0,0,0,0
八幡３丁目,0,0,0,0,0,0,0,0,0,0,0,0,0,0,0,0,0,0,0,0,0,0,0,0
八幡４丁目,0,0,0,0,0,0,0,0,0,0,0,0,0,0,0,0,0,0,0,0,0,0,0,0
八幡５丁目,462,209,253,24,31,31,46,32,32,27,38,43,55,45,64,45,51,36,14,30,18,9,0,0
八幡６丁目,486,212,274,30,46,53,58,30,23,35,49,45,43,49,38,31,33,43,38,30,22,1,1,0
八幡７丁目,436,197,239,28,40,39,31,20,49,22,51,46,49,39,57,46,29,26,18,21,12,8,2,0
八幡８丁目,157,72,85,31,14,20,9,8,18,27,24,10,9,11,6,12,13,8,4,1,3,1,0,0
八幡９丁目,478,202,276,24,25,29,30,34,25,41,45,44,36,45,32,66,42,43,55,40,18,6,0,0
八幡１０丁目,646,313,333,49,60,58,47,52,62,71,73,79,56,49,71,86,61,28,18,14,20,5,0,0
八幡１１丁目,601,281,320,31,42,59,53,50,51,64,66,29,52,90,90,58,52,40,19,19,10,6,1,0
山崎町,91,44,47,7,3,2,3,4,10,9,1,21,8,14,4,6,12,4,5,14,8,0,0,0
山ノ内１丁目,635,307,328,56,50,59,52,44,57,68,76,71,62,68,62,64,54,45,25,15,8,4,1,1
山ノ内２丁目,306,149,157,29,38,41,36,26,15,23,32,35,59,25,30,15,18,6,14,4,5,4,0,0
山ノ内３丁目,399,185,214,30,25,49,24,17,23,24,37,41,45,35,36,50,33,26,29,33,17,6,3,1
山ノ内４丁目,178,83,95,6,13,21,19,12,19,13,11,19,14,19,21,24,17,8,17,7,0,1,0,0
山ノ神１丁目,991,480,511,53,87,77,89,51,65,112,85,136,80,83,70,109,118,96,68,60,19,10,2,1
山ノ神２丁目,1275,627,648,109,107,117,129,89,108,86,131,156,159,142,145,119,112,64,52,44,20,12,1,0
山室１丁目,538,254,284,26,37,38,33,28,49,40,35,44,44,47,56,62,86,57,54,38,12,4,2,0
山室２丁目,595,279,316,25,35,25,36,36,58,55,39,48,56,61,52,70,75,50,46,58,35,12,2,0
山室３丁目,365,160,205,40,25,29,18,29,37,59,45,37,33,39,21,22,12,36,24,13,5,1,0,0
山室４丁目,305,140,165,18,16,14,11,31,26,24,30,21,13,15,45,37,38,30,31,26,8,8,3,0
山室５丁目,345,153,192,19,17,26,33,27,24,31,34,23,34,28,46,41,34,15,27,19,12,7,0,1
山室６丁目,1137,554,583,83,93,82,74,77,110,94,114,117,75,99,143,174,131,97,55,37,14,18,4,0
弥生町,347,151,196,13,15,11,22,29,22,40,26,35,26,24,39,44,45,31,28,17,24,6,1,0
弓削町,437,210,227,31,26,19,19,23,41,29,55,19,28,31,50,71,65,30,28,35,33,7,7,0
横紺屋町,55,26,29,2,0,0,0,12,16,8,18,8,0,4,8,4,1,0,0,0,0,0,0,0
横手１丁目（中央区）,570,254,316,38,37,27,27,20,42,66,63,58,34,40,41,60,76,71,41,38,31,8,6,0
横手１丁目（西区）,96,45,51,4,0,5,2,12,6,14,10,15,7,5,8,12,16,10,6,0,7,2,0,0
横手２丁目（中央区）,161,63,98,9,9,11,7,13,6,11,21,17,18,9,19,21,25,6,9,6,4,3,0,0
横手２丁目（西区）,54,27,27,0,0,3,4,1,2,1,3,7,2,3,8,8,11,9,7,7,0,4,1,0
横手３丁目（中央区）,412,188,224,13,19,33,31,38,31,31,31,31,35,44,46,42,52,33,28,32,16,13,1,0
横手３丁目（西区）,746,348,398,25,46,46,53,30,51,68,50,66,79,53,78,109,99,79,72,47,31,7,5,0
横手４丁目,1092,492,600,35,53,83,99,79,70,87,99,103,84,105,82,126,103,100,90,88,61,28,8,1
横手５丁目,782,360,422,52,73,71,68,49,50,59,82,68,92,88,63,80,53,65,56,36,11,22,3,1
吉原町,221,104,117,19,23,11,13,9,12,33,23,15,19,18,23,28,28,13,19,9,3,3,4,0
四方寄町,2482,1172,1310,159,120,216,220,163,205,169,214,311,289,224,245,270,253,206,154,133,72,26,4,1
世安町,0,0,0,0,0,0,0,0,0,0,0,0,0,0,0,0,0,0,0,0,0,0,0,0
万町１丁目,155,69,86,10,8,11,17,13,16,19,20,11,17,18,17,6,8,8,10,10,0,3,0,2
万町２丁目,20,8,12,2,0,0,0,1,0,1,2,4,2,3,0,2,6,2,2,0,1,0,0,0
流通団地１丁目,0,0,0,0,0,0,0,0,0,0,0,0,0,0,0,0,0,0,0,0,0,0,0,0
流通団地２丁目,15,12,3,4,6,1,0,4,0,6,2,2,2,0,0,0,0,0,0,0,0,0,0,0
立福寺町,357,170,187,18,14,15,32,27,24,28,31,32,28,35,34,49,46,35,36,17,18,7,1,0
蓮台寺１丁目,921,433,488,93,66,33,52,70,109,90,95,104,69,80,76,98,106,65,64,39,26,15,4,0
蓮台寺２丁目,529,243,286,57,32,31,19,27,58,60,72,52,55,43,41,72,50,35,26,19,13,8,2,0
蓮台寺３丁目,339,157,182,37,21,19,17,22,34,57,49,36,35,26,32,20,34,23,18,9,6,1,0,0
蓮台寺４丁目,1172,564,608,72,90,121,94,81,88,95,104,149,137,130,94,120,89,74,90,60,38,6,4,0
蓮台寺５丁目,201,94,107,23,13,4,8,17,46,41,27,20,12,29,6,14,11,7,9,5,3,0,0,0
練兵町,833,362,471,63,34,39,55,54,62,71,86,98,90,94,73,95,84,65,57,41,23,9,2,0
若葉１丁目,552,225,327,23,4,30,35,41,43,41,54,40,33,45,43,76,95,54,37,33,21,21,8,0
若葉２丁目,826,359,467,41,31,22,45,57,77,68,70,59,92,93,86,109,96,74,67,47,34,15,1,1
若葉３丁目,1278,597,681,77,107,80,73,96,100,142,132,118,110,117,120,173,111,100,71,83,47,15,3,0
若葉４丁目,818,367,451,46,52,67,60,62,42,55,74,63,75,91,94,86,58,82,64,54,42,13,5,0
若葉５丁目,1241,592,649,69,79,112,72,88,72,54,112,152,111,123,140,116,123,111,92,98,69,35,4,1
若葉６丁目,1104,539,565,94,78,89,102,65,99,80,93,112,99,117,110,104,98,94,102,51,40,11,4,1
城南町阿高,663,323,340,27,26,34,24,36,40,37,48,51,56,67,69,105,72,125,65,46,30,20,8,0
城南町隈庄,1334,617,717,76,81,122,88,108,91,100,124,134,140,139,116,107,126,137,110,61,59,25,3,4
城南町舞原,3301,1605,1696,334,327,311,263,213,295,332,378,363,348,287,241,203,238,290,205,145,73,47,12,1
城南町宮地,2077,990,1087,177,210,195,109,138,146,168,246,210,222,156,142,131,210,220,136,113,76,42,12,8
城南町坂野,514,245,269,10,23,43,56,22,29,26,35,49,40,67,42,41,61,64,57,47,31,11,5,0
城南町藤山,1015,500,515,60,65,58,58,54,48,71,77,97,87,101,98,118,112,134,124,55,65,27,5,1
城南町塚原,867,427,440,46,52,58,62,49,46,46,58,70,97,87,99,106,110,95,86,62,29,24,11,1
城南町島田,341,159,182,19,25,24,14,24,11,23,32,25,26,36,31,22,42,52,42,23,19,6,4,0
城南町永,582,277,305,30,55,45,24,36,36,46,61,57,49,42,42,50,75,61,57,42,35,16,0,0
城南町鰐瀬,717,338,379,14,28,25,23,32,40,50,26,38,61,66,61,81,88,132,121,71,51,30,15,2
富合町志々水,603,284,319,92,62,44,36,43,72,73,88,76,40,70,41,28,36,18,24,19,12,7,6,0
富合町平原,421,207,214,13,19,20,28,29,17,21,25,36,47,27,44,41,66,52,50,37,30,18,7,1
富合町御船手,51,23,28,0,0,0,4,6,10,4,2,2,3,3,1,3,7,14,7,2,5,1,0,0
富合町木原,596,300,296,29,31,29,19,41,27,29,33,57,51,66,55,59,68,88,85,59,40,24,6,0
富合町菰江,190,87,103,6,10,10,9,14,13,5,16,22,10,17,21,29,28,17,18,5,18,9,0,0
富合町西田尻,81,37,44,3,6,6,5,6,8,3,8,8,6,10,1,2,8,7,13,14,2,2,0,0
富合町釈迦堂,238,109,129,15,14,8,16,16,18,21,17,22,13,18,26,21,29,25,20,16,16,14,1,1
富合町小岩瀬,739,360,379,72,68,39,58,70,92,79,64,103,67,50,51,64,44,45,56,29,26,14,8,0
富合町田尻,399,195,204,19,31,26,39,27,39,37,39,26,42,41,44,35,41,26,35,13,20,12,1,1
植木町一木,1882,935,947,107,117,163,149,173,137,150,170,208,172,187,167,185,151,170,168,136,62,35,9,1
植木町滴水,2797,1327,1470,170,223,226,204,177,156,237,263,263,282,279,263,337,254,254,215,170,63,66,19,3
植木町平原,299,148,151,10,4,9,13,14,28,7,20,29,17,22,26,29,43,34,55,33,31,19,3,1
植木町古閑,221,105,116,6,8,12,7,10,5,12,14,12,18,18,24,33,30,20,34,20,21,15,6,1
植木町上古閑,301,149,152,16,27,23,30,20,13,24,15,42,27,29,19,31,36,33,34,17,8,4,2,0
植木町後古閑,131,64,67,5,7,6,12,2,6,2,18,9,7,15,6,7,24,21,19,14,9,5,1,0
植木町味取,168,73,95,12,7,16,9,9,13,10,27,16,10,10,15,12,21,15,14,17,4,3,1,0
植木町大井,202,101,101,5,4,11,10,12,5,10,14,13,12,16,9,19,56,22,28,16,17,16,8,0
植木町大和,2047,925,1122,73,106,137,133,91,72,81,136,154,196,218,152,167,188,283,354,230,114,71,13,3
植木町宮原,459,221,238,13,27,27,30,17,16,18,30,41,37,56,35,45,57,73,58,51,30,12,7,0
植木町富応,627,296,331,18,36,48,44,33,31,38,38,64,48,53,77,55,86,77,85,49,25,10,6,2
植木町小野,601,302,299,15,27,22,47,34,31,39,57,63,33,47,83,69,90,103,65,40,24,12,1,1
植木町山本,462,223,239,20,18,20,32,33,20,25,16,45,59,42,31,36,53,80,66,44,22,16,4,3
植木町岩野,2715,1342,1373,207,214,180,208,191,206,297,232,266,267,269,217,252,269,256,224,148,105,35,11,3
植木町平井,298,144,154,18,19,18,8,11,22,18,29,29,15,19,23,38,43,36,26,15,24,25,6,0
植木町平野,496,233,263,31,52,38,46,43,12,35,60,54,62,50,52,36,43,34,43,22,11,4,1,0
植木町広住,1956,927,1029,90,130,210,263,143,94,98,131,198,293,255,170,122,151,148,161,124,59,29,10,4
植木町投刀塚,631,304,327,60,63,34,31,41,57,60,60,64,67,63,40,44,49,80,41,36,25,13,6,1
植木町有泉,245,125,120,8,9,12,6,10,13,22,11,29,29,11,20,33,40,46,30,10,16,12,2,1
植木町木留,767,360,407,55,53,54,40,43,52,81,77,82,69,66,57,68,97,81,56,41,33,19,3,0
植木町植木,735,337,398,55,39,31,49,41,76,75,74,59,85,82,61,56,47,57,69,56,30,23,6,1
植木町正清,481,234,247,18,22,21,36,34,27,25,23,36,43,35,52,46,60,83,61,28,32,23,9,1
植木町清水,666,328,338,11,34,39,19,39,45,24,39,65,62,33,66,70,83,115,103,39,61,29,17,1
植木町田底,513,241,272,14,22,38,19,31,30,22,35,29,38,59,55,60,57,73,67,40,31,22,12,0
植木町石川,119,58,61,1,5,11,3,3,8,3,4,12,0,9,12,22,19,20,13,17,8,4,0,3
植木町米塚,761,346,415,14,37,33,42,43,44,50,31,51,63,81,68,78,67,123,105,84,44,36,11,2
植木町舞尾,943,484,459,64,47,53,51,101,91,81,72,74,86,70,96,97,99,94,103,69,53,17,8,1
植木町舟島,155,73,82,5,7,1,3,11,6,13,10,4,7,18,9,19,32,18,21,11,12,15,5,1
植木町色出,203,101,102,2,10,10,20,13,13,7,7,12,22,18,11,24,23,51,27,16,13,4,1,0
植木町荻迫,421,203,218,18,33,31,29,34,18,34,50,30,34,36,48,47,36,51,41,24,13,13,3,1
植木町豊岡,256,125,131,4,12,7,16,17,10,8,12,13,15,35,25,26,42,35,36,27,25,14,2,0
植木町豊田,684,337,347,39,40,46,50,23,38,40,53,60,61,54,60,47,93,105,92,48,41,25,6,0
植木町轟,637,296,341,16,30,40,30,31,33,19,45,38,84,54,49,91,66,92,100,45,38,26,3,3
植木町辺田野,230,114,116,9,9,17,14,5,28,10,17,17,12,20,35,34,26,23,15,19,24,7,3,0
植木町那知,60,32,28,0,0,0,0,1,5,4,4,3,0,7,5,5,14,12,14,5,5,5,3,0
植木町鈴麦,143,63,80,0,2,10,2,1,4,2,5,9,4,1,18,22,23,33,30,12,16,12,0,0
植木町鐙田,711,352,359,43,44,40,48,60,25,59,60,52,70,66,55,62,84,91,101,50,34,14,4,1
植木町鞍掛,508,243,265,16,40,44,25,26,22,25,25,52,60,41,43,53,59,68,73,35,25,11,8,0
植木町伊知坊,348,164,184,19,17,29,10,31,11,19,15,24,35,33,33,31,53,40,36,36,18,18,4,0
植木町内,366,174,192,14,22,28,22,12,5,18,29,22,45,39,28,34,34,61,47,36,21,18,3,2
植木町円台寺,266,120,146,16,8,11,11,7,21,26,28,23,27,26,12,15,38,23,39,31,11,9,3,1
植木町今藤,458,223,235,10,30,30,41,22,23,30,28,43,51,42,24,44,61,67,55,32,23,16,8,1
植木町亀甲,783,388,395,20,38,59,44,67,39,39,53,71,78,52,80,88,93,108,96,61,49,30,5,1
